,precision,recall,f1,iou_th,lam3,threshold,record
0,0.6565040650406504,0.7314311594202898,0.6919451585261354,0.1,45,0.5,01-02-0002
1,0.6536585365853659,0.7282608695652174,0.6889460154241646,0.2,45,0.5,01-02-0002
2,0.6447154471544716,0.7182971014492754,0.6795201371036848,0.3,45,0.5,01-02-0002
3,0.6126016260162601,0.6825181159420289,0.6456726649528706,0.4,45,0.5,01-02-0002
4,0.5634146341463414,0.6277173913043478,0.5938303341902313,0.5,45,0.5,01-02-0002
5,0.4845528455284553,0.5398550724637681,0.5107112253641816,0.6,45,0.5,01-02-0002
6,0.36097560975609755,0.40217391304347827,0.38046272493573263,0.7,45,0.5,01-02-0002
7,0.21300813008130082,0.23731884057971014,0.22450728363324765,0.8,45,0.5,01-02-0002
8,0.06951219512195123,0.07744565217391304,0.07326478149100259,0.9,45,0.5,01-02-0002
0,0.6698113207547169,0.707427536231884,0.6881057268722467,0.1,46,0.5,01-02-0002
1,0.6672384219554031,0.7047101449275363,0.6854625550660792,0.2,46,0.5,01-02-0002
2,0.6565180102915952,0.6933876811594203,0.6744493392070485,0.3,46,0.5,01-02-0002
3,0.6265008576329331,0.6616847826086957,0.643612334801762,0.4,46,0.5,01-02-0002
4,0.5694682675814752,0.6014492753623188,0.585022026431718,0.5,46,0.5,01-02-0002
5,0.4862778730703259,0.5135869565217391,0.4995594713656387,0.6,46,0.5,01-02-0002
6,0.3632075471698113,0.3836050724637681,0.37312775330396475,0.7,46,0.5,01-02-0002
7,0.20969125214408232,0.22146739130434784,0.2154185022026432,0.8,46,0.5,01-02-0002
8,0.06432246998284734,0.06793478260869565,0.06607929515418502,0.9,46,0.5,01-02-0002
0,0.6795159121470192,0.6865942028985508,0.683036719981978,0.1,47,0.5,01-02-0002
1,0.6759300761990139,0.6829710144927537,0.679432304573102,0.2,47,0.5,01-02-0002
2,0.6656207978484985,0.6725543478260869,0.6690696102725839,0.3,47,0.5,01-02-0002
3,0.63334827431645,0.6399456521739131,0.6366298715927011,0.4,47,0.5,01-02-0002
4,0.5696996862393545,0.5756340579710145,0.5726514980851543,0.5,47,0.5,01-02-0002
5,0.4863290004482295,0.4913949275362319,0.48884883982879024,0.6,47,0.5,01-02-0002
6,0.3617212012550426,0.3654891304347826,0.3635954043703537,0.7,47,0.5,01-02-0002
7,0.20439264903630658,0.20652173913043478,0.20545167830592473,0.8,47,0.5,01-02-0002
8,0.06230389959659346,0.06295289855072464,0.06262671772921828,0.9,47,0.5,01-02-0002
0,0.6920170051960322,0.6634963768115942,0.6774566473988439,0.1,48,0.5,01-02-0002
1,0.6891828058573453,0.6607789855072463,0.6746820809248555,0.2,48,0.5,01-02-0002
2,0.6787907416154936,0.6508152173913043,0.6645086705202312,0.3,48,0.5,01-02-0002
3,0.6457250826641474,0.6191123188405797,0.6321387283236994,0.4,48,0.5,01-02-0002
4,0.5791213982050071,0.5552536231884058,0.5669364161849711,0.5,48,0.5,01-02-0002
5,0.4874822862541332,0.4673913043478261,0.4772254335260116,0.6,48,0.5,01-02-0002
6,0.35710911667453943,0.3423913043478261,0.34959537572254334,0.7,48,0.5,01-02-0002
7,0.19650448748228624,0.18840579710144928,0.19236994219653178,0.8,48,0.5,01-02-0002
8,0.06282475200755787,0.06023550724637681,0.0615028901734104,0.9,48,0.5,01-02-0002
0,0.23906976744186045,0.4269102990033223,0.3064997018485391,0.1,45,0.5,01-02-0003
1,0.23906976744186045,0.4269102990033223,0.3064997018485391,0.2,45,0.5,01-02-0003
2,0.23813953488372094,0.42524916943521596,0.30530709600477046,0.3,45,0.5,01-02-0003
3,0.22511627906976744,0.4019933554817276,0.28861061419200956,0.4,45,0.5,01-02-0003
4,0.20651162790697675,0.3687707641196013,0.26475849731663686,0.5,45,0.5,01-02-0003
5,0.16651162790697674,0.2973421926910299,0.21347644603458557,0.6,45,0.5,01-02-0003
6,0.1172093023255814,0.20930232558139536,0.15026833631484796,0.7,45,0.5,01-02-0003
7,0.06790697674418604,0.1212624584717608,0.08706022659511031,0.8,45,0.5,01-02-0003
8,0.017674418604651163,0.03156146179401993,0.022659511031604056,0.9,45,0.5,01-02-0003
0,0.24061597690086622,0.4152823920265781,0.3046922608165753,0.1,46,0.5,01-02-0003
1,0.24061597690086622,0.4152823920265781,0.3046922608165753,0.2,46,0.5,01-02-0003
2,0.2386910490856593,0.4119601328903654,0.3022547227300426,0.3,46,0.5,01-02-0003
3,0.2252165543792108,0.38870431893687707,0.2851919561243144,0.4,46,0.5,01-02-0003
4,0.20692974013474494,0.35714285714285715,0.2620353443022547,0.5,46,0.5,01-02-0003
5,0.16554379210779596,0.2857142857142857,0.20962827544180376,0.6,46,0.5,01-02-0003
6,0.11742059672762271,0.2026578073089701,0.14868982327848873,0.7,46,0.5,01-02-0003
7,0.06737247353224254,0.11627906976744186,0.08531383302864107,0.8,46,0.5,01-02-0003
8,0.015399422521655439,0.026578073089700997,0.019500304692260818,0.9,46,0.5,01-02-0003
0,0.23333333333333334,0.38372093023255816,0.29020100502512564,0.1,47,0.5,01-02-0003
1,0.23333333333333334,0.38372093023255816,0.29020100502512564,0.2,47,0.5,01-02-0003
2,0.2313131313131313,0.3803986710963455,0.28768844221105533,0.3,47,0.5,01-02-0003
3,0.21717171717171718,0.35714285714285715,0.27010050251256285,0.4,47,0.5,01-02-0003
4,0.19696969696969696,0.3239202657807309,0.2449748743718593,0.5,47,0.5,01-02-0003
5,0.15151515151515152,0.24916943521594684,0.1884422110552764,0.6,47,0.5,01-02-0003
6,0.1111111111111111,0.18272425249169436,0.13819095477386933,0.7,47,0.5,01-02-0003
7,0.0595959595959596,0.09800664451827243,0.07412060301507538,0.8,47,0.5,01-02-0003
8,0.01616161616161616,0.026578073089700997,0.020100502512562814,0.9,47,0.5,01-02-0003
0,0.23003194888178913,0.3588039867109635,0.2803374432186892,0.1,48,0.5,01-02-0003
1,0.23003194888178913,0.3588039867109635,0.2803374432186892,0.2,48,0.5,01-02-0003
2,0.22896698615548455,0.35714285714285715,0.2790395846852693,0.3,48,0.5,01-02-0003
3,0.2161874334398296,0.3372093023255814,0.263465282284231,0.4,48,0.5,01-02-0003
4,0.19169329073482427,0.29900332225913623,0.2336145360155743,0.5,48,0.5,01-02-0003
5,0.1501597444089457,0.23421926910299004,0.1829980532121999,0.6,48,0.5,01-02-0003
6,0.10756123535676251,0.16777408637873753,0.1310837118754056,0.7,48,0.5,01-02-0003
7,0.05750798722044728,0.08970099667774087,0.0700843608046723,0.8,48,0.5,01-02-0003
8,0.012779552715654952,0.019933554817275746,0.015574302401038288,0.9,48,0.5,01-02-0003
0,0.44015444015444016,0.3806343906510851,0.4082363473589973,0.1,45,0.5,01-02-0005
1,0.44015444015444016,0.3806343906510851,0.4082363473589973,0.2,45,0.5,01-02-0005
2,0.4372586872586873,0.3781302170283806,0.40555058191584603,0.3,45,0.5,01-02-0005
3,0.416988416988417,0.3606010016694491,0.386750223813787,0.4,45,0.5,01-02-0005
4,0.37258687258687256,0.32220367278797996,0.34556848701880033,0.5,45,0.5,01-02-0005
5,0.30694980694980695,0.2654424040066778,0.28469113697403764,0.6,45,0.5,01-02-0005
6,0.21525096525096524,0.18614357262103506,0.19964189794091317,0.7,45,0.5,01-02-0005
7,0.12355212355212356,0.10684474123539232,0.11459265890778873,0.8,45,0.5,01-02-0005
8,0.03667953667953668,0.03171953255425709,0.03401969561324978,0.9,45,0.5,01-02-0005
0,0.43451776649746193,0.3572621035058431,0.3921209344938159,0.1,46,0.5,01-02-0005
1,0.43451776649746193,0.3572621035058431,0.3921209344938159,0.2,46,0.5,01-02-0005
2,0.43248730964467,0.3555926544240401,0.3902885936784241,0.3,46,0.5,01-02-0005
3,0.40812182741116754,0.335559265442404,0.36830050389372426,0.4,46,0.5,01-02-0005
4,0.36852791878172586,0.3030050083472454,0.3325698579935868,0.5,46,0.5,01-02-0005
5,0.29644670050761424,0.24373956594323873,0.26752175904718273,0.6,46,0.5,01-02-0005
6,0.20710659898477157,0.17028380634390652,0.18689876316994963,0.7,46,0.5,01-02-0005
7,0.11370558375634518,0.09348914858096828,0.10261108566193312,0.8,46,0.5,01-02-0005
8,0.03553299492385787,0.02921535893155259,0.0320659642693541,0.9,46,0.5,01-02-0005
0,0.4339419978517723,0.337228714524207,0.37952090183184595,0.1,47,0.5,01-02-0005
1,0.4339419978517723,0.337228714524207,0.37952090183184595,0.2,47,0.5,01-02-0005
2,0.43071965628356607,0.3347245409015025,0.37670267731329266,0.3,47,0.5,01-02-0005
3,0.40494092373791624,0.31469115191986646,0.35415688116486616,0.4,47,0.5,01-02-0005
4,0.3576799140708915,0.27796327212020033,0.31282292155941754,0.5,47,0.5,01-02-0005
5,0.2878625134264232,0.22370617696160267,0.25176139032409584,0.6,47,0.5,01-02-0005
6,0.19119226638023631,0.14858096828046743,0.16721465476749647,0.7,47,0.5,01-02-0005
7,0.1041890440386681,0.08096828046744574,0.09112259276655708,0.8,47,0.5,01-02-0005
8,0.036519871106337275,0.028380634390651086,0.03193987787693753,0.9,47,0.5,01-02-0005
0,0.43002257336343114,0.31803005008347246,0.36564299424184266,0.1,48,0.5,01-02-0005
1,0.43002257336343114,0.31803005008347246,0.36564299424184266,0.2,48,0.5,01-02-0005
2,0.4255079006772009,0.31469115191986646,0.36180422264875234,0.3,48,0.5,01-02-0005
3,0.4006772009029345,0.29632721202003337,0.3406909788867562,0.4,48,0.5,01-02-0005
4,0.34875846501128666,0.2579298831385643,0.2965451055662188,0.5,48,0.5,01-02-0005
5,0.28103837471783294,0.20784641068447413,0.23896353166986561,0.6,48,0.5,01-02-0005
6,0.18171557562076748,0.1343906510851419,0.15451055662188098,0.7,48,0.5,01-02-0005
7,0.09029345372460497,0.0667779632721202,0.07677543186180422,0.8,48,0.5,01-02-0005
8,0.033860045146726865,0.025041736227045076,0.02879078694817658,0.9,48,0.5,01-02-0005
0,0.3482889733840304,0.5471923536439666,0.4256505576208179,0.1,45,0.5,01-02-0006
1,0.3467680608365019,0.5448028673835126,0.4237918215613383,0.2,45,0.5,01-02-0006
2,0.3429657794676806,0.5388291517323776,0.4191449814126394,0.3,45,0.5,01-02-0006
3,0.33079847908745247,0.5197132616487455,0.404275092936803,0.4,45,0.5,01-02-0006
4,0.30190114068441065,0.4743130227001195,0.36895910780669144,0.5,45,0.5,01-02-0006
5,0.2585551330798479,0.4062126642771804,0.3159851301115241,0.6,45,0.5,01-02-0006
6,0.19315589353612167,0.3034647550776583,0.23605947955390336,0.7,45,0.5,01-02-0006
7,0.1155893536121673,0.1816009557945042,0.1412639405204461,0.8,45,0.5,01-02-0006
8,0.033460076045627375,0.052568697729988054,0.04089219330855018,0.9,45,0.5,01-02-0006
0,0.3520066889632107,0.5029868578255675,0.41416625676340385,0.1,46,0.5,01-02-0006
1,0.3494983277591973,0.4994026284348865,0.411214953271028,0.2,46,0.5,01-02-0006
2,0.34531772575250835,0.4934289127837515,0.4062961141170684,0.3,46,0.5,01-02-0006
3,0.33361204013377926,0.4767025089605735,0.39252336448598135,0.4,46,0.5,01-02-0006
4,0.3060200668896321,0.43727598566308246,0.3600590260698475,0.5,46,0.5,01-02-0006
5,0.2591973244147157,0.37037037037037035,0.30496802754549923,0.6,46,0.5,01-02-0006
6,0.1939799331103679,0.27718040621266427,0.2282341367437285,0.7,46,0.5,01-02-0006
7,0.11120401337792642,0.15890083632019117,0.1308411214953271,0.8,46,0.5,01-02-0006
8,0.030936454849498328,0.04420549581839905,0.03639940973930152,0.9,46,0.5,01-02-0006
0,0.35504014272970563,0.4755077658303465,0.4065372829417773,0.1,47,0.5,01-02-0006
1,0.3541480820695807,0.4743130227001195,0.40551583248212464,0.2,47,0.5,01-02-0006
2,0.35236396074933096,0.47192353643966545,0.4034729315628192,0.3,47,0.5,01-02-0006
3,0.3407671721677074,0.45639187574671447,0.390194075587334,0.4,47,0.5,01-02-0006
4,0.3157894736842105,0.4229390681003584,0.36159346271705817,0.5,47,0.5,01-02-0006
5,0.264049955396967,0.3536439665471924,0.30234933605720127,0.6,47,0.5,01-02-0006
6,0.19536128456735058,0.2616487455197133,0.22369765066394282,0.7,47,0.5,01-02-0006
7,0.11239964317573595,0.15053763440860216,0.12870275791624106,0.8,47,0.5,01-02-0006
8,0.03300624442462088,0.04420549581839905,0.03779366700715016,0.9,47,0.5,01-02-0006
0,0.35619047619047617,0.44683393070489846,0.39639639639639634,0.1,48,0.5,01-02-0006
1,0.35523809523809524,0.44563918757467147,0.3953365129835718,0.2,48,0.5,01-02-0006
2,0.3514285714285714,0.44086021505376344,0.3910969793322734,0.3,48,0.5,01-02-0006
3,0.33904761904761904,0.4253285543608124,0.37731849496555375,0.4,48,0.5,01-02-0006
4,0.3161904761904762,0.3966547192353644,0.35188129305776367,0.5,48,0.5,01-02-0006
5,0.2704761904761905,0.33930704898446834,0.30100688924218333,0.6,48,0.5,01-02-0006
6,0.18571428571428572,0.23297491039426524,0.20667726550079493,0.7,48,0.5,01-02-0006
7,0.10952380952380952,0.13739545997610514,0.12188659247482778,0.8,48,0.5,01-02-0006
8,0.029523809523809525,0.037037037037037035,0.03285638579756227,0.9,48,0.5,01-02-0006
0,0.4462631253860408,0.9025608994378513,0.5972308328166976,0.1,45,0.5,01-02-0007
1,0.43607164916615193,0.8819487820112429,0.5835916511675966,0.2,45,0.5,01-02-0007
2,0.41630636195182213,0.8419737663960025,0.557139904939037,0.3,45,0.5,01-02-0007
3,0.38573193329215566,0.7801374141161774,0.5162223599917339,0.4,45,0.5,01-02-0007
4,0.3449660284126004,0.6976889444097439,0.4616656333953297,0.5,45,0.5,01-02-0007
5,0.28289067325509576,0.5721424109931293,0.3785906178962596,0.6,45,0.5,01-02-0007
6,0.2192711550339716,0.443472829481574,0.29344905972308327,0.7,45,0.5,01-02-0007
7,0.144224830142063,0.29169269206745785,0.19301508576152096,0.8,45,0.5,01-02-0007
8,0.05713403335392218,0.1155527795128045,0.07646207894193015,0.9,45,0.5,01-02-0007
0,0.4573367808661926,0.8838226108682073,0.6027689030883919,0.1,46,0.5,01-02-0007
1,0.4460245636716225,0.8619612742036228,0.5878594249201279,0.2,46,0.5,01-02-0007
2,0.4269553975436328,0.8251093066833229,0.5627263045793397,0.3,46,0.5,01-02-0007
3,0.39398836457659986,0.7613991255465334,0.5192758253461128,0.4,46,0.5,01-02-0007
4,0.35488041370394313,0.6858213616489693,0.4677316293929713,0.5,46,0.5,01-02-0007
5,0.288623141564318,0.5577763897564022,0.3804046858359957,0.6,46,0.5,01-02-0007
6,0.2220426632191338,0.429106808244847,0.29265175718849845,0.7,46,0.5,01-02-0007
7,0.14705882352941177,0.28419737663960026,0.19382321618743348,0.8,46,0.5,01-02-0007
8,0.05850032320620556,0.11305434103685197,0.07710330138445154,0.9,46,0.5,01-02-0007
0,0.47078804347826086,0.8657089319175515,0.6099009900990099,0.1,47,0.5,01-02-0007
1,0.4585597826086957,0.8432229856339788,0.594059405940594,0.2,47,0.5,01-02-0007
2,0.43953804347826086,0.8082448469706434,0.5694169416941693,0.3,47,0.5,01-02-0007
3,0.40726902173913043,0.7489069331667708,0.5276127612761277,0.4,47,0.5,01-02-0007
4,0.36514945652173914,0.6714553404122423,0.473047304730473,0.5,47,0.5,01-02-0007
5,0.2985733695652174,0.5490318550905684,0.38679867986798677,0.6,47,0.5,01-02-0007
6,0.2269021739130435,0.41723922548407244,0.29394939493949396,0.7,47,0.5,01-02-0007
7,0.14775815217391305,0.2717051842598376,0.1914191419141914,0.8,47,0.5,01-02-0007
8,0.05672554347826087,0.10430980637101811,0.07348734873487349,0.9,47,0.5,01-02-0007
0,0.4812566940378436,0.8419737663960025,0.6124488868696047,0.1,48,0.5,01-02-0007
1,0.46983220278471977,0.8219862585883823,0.5979100408905044,0.2,48,0.5,01-02-0007
2,0.44876829703677257,0.7851342910680824,0.5711040436165379,0.3,48,0.5,01-02-0007
3,0.41663691538736164,0.7289194253591506,0.530213539300318,0.4,48,0.5,01-02-0007
4,0.3727240271331667,0.6520924422236103,0.47432985006815087,0.5,48,0.5,01-02-0007
5,0.3056051410210639,0.5346658338538414,0.3889141299409359,0.6,48,0.5,01-02-0007
6,0.23491610139235988,0.41099312929419113,0.2989550204452522,0.7,48,0.5,01-02-0007
7,0.15066047840057123,0.26358525921299186,0.19173103134938665,0.8,48,0.5,01-02-0007
8,0.06140664048554088,0.10743285446595878,0.0781462971376647,0.9,48,0.5,01-02-0007
0,0.5788882650196518,0.6199639206253759,0.5987224157955865,0.1,45,0.5,01-02-0009
1,0.5738349241998877,0.6145520144317499,0.5934959349593496,0.2,45,0.5,01-02-0009
2,0.5513756316676025,0.5904990980156344,0.570267131242741,0.3,45,0.5,01-02-0009
3,0.4952274003368894,0.5303668069753458,0.5121951219512194,0.4,45,0.5,01-02-0009
4,0.42897248736664795,0.45941070354780517,0.4436701509872242,0.5,45,0.5,01-02-0009
5,0.3368893879842785,0.3607937462417318,0.3484320557491289,0.6,45,0.5,01-02-0009
6,0.21224031443009544,0.22730006013229104,0.21951219512195122,0.7,45,0.5,01-02-0009
7,0.11510387422796182,0.1232711966325917,0.11904761904761904,0.8,45,0.5,01-02-0009
8,0.03481190342504211,0.037282020444978956,0.036004645760743324,0.9,45,0.5,01-02-0009
0,0.5817757009345794,0.5989176187612748,0.5902222222222222,0.1,46,0.5,01-02-0009
1,0.5771028037383178,0.5941070354780517,0.5854814814814815,0.2,46,0.5,01-02-0009
2,0.5531542056074766,0.5694527961515333,0.5611851851851851,0.3,46,0.5,01-02-0009
3,0.4953271028037383,0.5099218280216476,0.5025185185185185,0.4,46,0.5,01-02-0009
4,0.4252336448598131,0.4377630787733013,0.4314074074074074,0.5,46,0.5,01-02-0009
5,0.33119158878504673,0.3409500901984366,0.336,0.6,46,0.5,01-02-0009
6,0.20794392523364486,0.21407095610342755,0.21096296296296296,0.7,46,0.5,01-02-0009
7,0.11214953271028037,0.11545399879735418,0.11377777777777778,0.8,46,0.5,01-02-0009
8,0.03271028037383177,0.03367408298256164,0.03318518518518518,0.9,46,0.5,01-02-0009
0,0.5851990049751243,0.565844858689116,0.5753592173647203,0.1,47,0.5,01-02-0009
1,0.5808457711442786,0.5616355983162958,0.5710791806786916,0.2,47,0.5,01-02-0009
2,0.5572139303482587,0.5387853277209862,0.5478446958116784,0.3,47,0.5,01-02-0009
3,0.5,0.4834636199639206,0.491592785081015,0.4,47,0.5,01-02-0009
4,0.416044776119403,0.40228502705953095,0.4090492204218894,0.5,47,0.5,01-02-0009
5,0.32213930348258707,0.3114852675886951,0.3167227147661265,0.6,47,0.5,01-02-0009
6,0.2027363184079602,0.19603126879134095,0.19932742280648116,0.7,47,0.5,01-02-0009
7,0.10945273631840796,0.105832832230908,0.10761235096300825,0.8,47,0.5,01-02-0009
8,0.03109452736318408,0.03006614552014432,0.030571690614490984,0.9,47,0.5,01-02-0009
0,0.5911784068466096,0.539987973541792,0.5644248900062854,0.1,48,0.5,01-02-0009
1,0.587228439763002,0.5363800360793747,0.5606536769327468,0.2,48,0.5,01-02-0009
2,0.5576036866359447,0.5093205051112447,0.5323695788812067,0.3,48,0.5,01-02-0009
3,0.500329163923634,0.45700541190619365,0.4776869893148963,0.4,48,0.5,01-02-0009
4,0.41935483870967744,0.3830426939266386,0.40037712130735387,0.5,48,0.5,01-02-0009
5,0.3140223831468071,0.28683102826217677,0.29981143934632304,0.6,48,0.5,01-02-0009
6,0.19486504279131006,0.17799158147925437,0.18604651162790697,0.7,48,0.5,01-02-0009
7,0.10664911125740618,0.0974143114852676,0.10182275298554369,0.8,48,0.5,01-02-0009
8,0.027649769585253458,0.025255562236921228,0.026398491514770583,0.9,48,0.5,01-02-0009
0,0.6276824034334764,0.6037151702786377,0.6154655444502893,0.1,45,0.5,01-02-0010
1,0.6233905579399142,0.5995872033023736,0.6112572330352446,0.2,45,0.5,01-02-0010
2,0.5992489270386266,0.5763673890608875,0.5875854813256182,0.3,45,0.5,01-02-0010
3,0.5450643776824035,0.5242518059855521,0.5344555497106785,0.4,45,0.5,01-02-0010
4,0.4533261802575107,0.4360165118679051,0.44450289321409786,0.5,45,0.5,01-02-0010
5,0.3492489270386266,0.33591331269349844,0.34245134139926353,0.6,45,0.5,01-02-0010
6,0.23605150214592274,0.22703818369453044,0.23145712782745922,0.7,45,0.5,01-02-0010
7,0.13626609442060086,0.13106295149638802,0.13361388742766964,0.8,45,0.5,01-02-0010
8,0.04774678111587983,0.04592363261093911,0.04681746449237243,0.9,45,0.5,01-02-0010
0,0.63631156930126,0.5732714138286894,0.6031487513572203,0.1,46,0.5,01-02-0010
1,0.6311569301260023,0.5686274509803921,0.5982627578718784,0.2,46,0.5,01-02-0010
2,0.6088201603665521,0.5485036119711042,0.5770901194353962,0.3,46,0.5,01-02-0010
3,0.5521191294387171,0.49742002063983487,0.5233441910966341,0.4,46,0.5,01-02-0010
4,0.4599083619702176,0.41434468524251805,0.4359391965255157,0.5,46,0.5,01-02-0010
5,0.3516609392898053,0.31682146542827655,0.3333333333333333,0.6,46,0.5,01-02-0010
6,0.2325315005727377,0.20949432404540763,0.22041259500542887,0.7,46,0.5,01-02-0010
7,0.13631156930126,0.12280701754385964,0.1292073832790445,0.8,46,0.5,01-02-0010
8,0.0441008018327606,0.03973168214654283,0.04180238870792617,0.9,46,0.5,01-02-0010
0,0.6423357664233577,0.544891640866873,0.5896147403685091,0.1,47,0.5,01-02-0010
1,0.6368613138686131,0.5402476780185759,0.5845896147403685,0.2,47,0.5,01-02-0010
2,0.610705596107056,0.5180598555211559,0.5605806811836963,0.3,47,0.5,01-02-0010
3,0.5541362530413625,0.47007223942208465,0.5086543830262423,0.4,47,0.5,01-02-0010
4,0.4604622871046229,0.39060887512899894,0.42266890005583474,0.5,47,0.5,01-02-0010
5,0.3497566909975669,0.29669762641898867,0.3210496929089894,0.6,47,0.5,01-02-0010
6,0.23357664233576642,0.19814241486068113,0.21440536013400335,0.7,47,0.5,01-02-0010
7,0.1411192214111922,0.1197110423116615,0.129536571747627,0.8,47,0.5,01-02-0010
8,0.04562043795620438,0.03869969040247678,0.04187604690117253,0.9,47,0.5,01-02-0010
0,0.6482444733420026,0.5144478844169247,0.5736478711162256,0.1,48,0.5,01-02-0010
1,0.6417425227568271,0.5092879256965944,0.5678941311852704,0.2,48,0.5,01-02-0010
2,0.6196358907672301,0.4917440660474716,0.548331415420023,0.3,48,0.5,01-02-0010
3,0.5572171651495449,0.4422084623323013,0.49309551208285385,0.4,48,0.5,01-02-0010
4,0.4616384915474642,0.36635706914344685,0.4085155350978136,0.5,48,0.5,01-02-0010
5,0.34785435630689204,0.2760577915376677,0.30782508630609895,0.6,48,0.5,01-02-0010
6,0.235370611183355,0.1867905056759546,0.2082853855005754,0.7,48,0.5,01-02-0010
7,0.1378413524057217,0.10939112487100103,0.12197928653624855,0.8,48,0.5,01-02-0010
8,0.043563068920676205,0.03457172342621259,0.038550057537399304,0.9,48,0.5,01-02-0010
0,0.573822463768116,0.8237971391417426,0.6764548852108916,0.1,45,0.5,01-02-0011
1,0.5688405797101449,0.8166449934980494,0.6705819540843566,0.2,45,0.5,01-02-0011
2,0.5602355072463768,0.8042912873862159,0.6604378003203417,0.3,45,0.5,01-02-0011
3,0.5339673913043478,0.7665799739921977,0.6294714361986119,0.4,45,0.5,01-02-0011
4,0.4832427536231884,0.6937581274382315,0.5696743192738922,0.5,45,0.5,01-02-0011
5,0.4107789855072464,0.5897269180754227,0.4842498665242926,0.6,45,0.5,01-02-0011
6,0.31431159420289856,0.45123537061118335,0.37052856380138816,0.7,45,0.5,01-02-0011
7,0.19791666666666666,0.28413524057217165,0.23331553657234383,0.8,45,0.5,01-02-0011
8,0.07246376811594203,0.10403120936280884,0.08542445274959957,0.9,45,0.5,01-02-0011
0,0.5937649880095923,0.8049414824447334,0.6834115373999448,0.1,46,0.5,01-02-0011
1,0.5894484412470024,0.7990897269180754,0.6784432790505106,0.2,46,0.5,01-02-0011
2,0.5750599520383693,0.7795838751625488,0.66188241788573,0.3,46,0.5,01-02-0011
3,0.5501199040767386,0.7457737321196359,0.6331769252001104,0.4,46,0.5,01-02-0011
4,0.4983213429256595,0.6755526657997399,0.5735578250069003,0.5,46,0.5,01-02-0011
5,0.4244604316546763,0.5754226267880365,0.48854540436102684,0.6,46,0.5,01-02-0011
6,0.320863309352518,0.43498049414824447,0.36930720397460676,0.7,46,0.5,01-02-0011
7,0.19952038369304556,0.270481144343303,0.22964394148495723,0.8,46,0.5,01-02-0011
8,0.0724220623501199,0.09817945383615084,0.08335633452939553,0.9,46,0.5,01-02-0011
0,0.610574478901881,0.7808842652795839,0.6853067047075605,0.1,47,0.5,01-02-0011
1,0.6059989832231825,0.7750325097529259,0.6801711840228245,0.2,47,0.5,01-02-0011
2,0.5907473309608541,0.7555266579973993,0.6630527817403709,0.3,47,0.5,01-02-0011
3,0.5602440264361973,0.716514954486346,0.6288159771754637,0.4,47,0.5,01-02-0011
4,0.5088967971530249,0.6508452535760728,0.5711840228245363,0.5,47,0.5,01-02-0011
5,0.42755465175394003,0.546814044213264,0.479885877318117,0.6,47,0.5,01-02-0011
6,0.3228266395526182,0.4128738621586476,0.362339514978602,0.7,47,0.5,01-02-0011
7,0.20132180986273512,0.2574772431729519,0.225962910128388,0.8,47,0.5,01-02-0011
8,0.07219115404168785,0.09232769830949285,0.08102710413694722,0.9,47,0.5,01-02-0011
0,0.6295896328293736,0.7581274382314694,0.6879056047197639,0.1,48,0.5,01-02-0011
1,0.6247300215982722,0.7522756827048115,0.6825958702064897,0.2,48,0.5,01-02-0011
2,0.607451403887689,0.7314694408322496,0.663716814159292,0.3,48,0.5,01-02-0011
3,0.5777537796976242,0.6957087126137841,0.6312684365781711,0.4,48,0.5,01-02-0011
4,0.521598272138229,0.6280884265279584,0.5699115044247788,0.5,48,0.5,01-02-0011
5,0.43466522678185743,0.523407022106632,0.47492625368731567,0.6,48,0.5,01-02-0011
6,0.3250539956803456,0.3914174252275683,0.3551622418879056,0.7,48,0.5,01-02-0011
7,0.19870410367170627,0.23927178153446033,0.21710914454277286,0.8,48,0.5,01-02-0011
8,0.06911447084233262,0.08322496749024708,0.07551622418879057,0.9,48,0.5,01-02-0011
0,0.33790476190476193,0.7416387959866221,0.4642763674430778,0.1,45,0.5,01-02-0012
1,0.3299047619047619,0.7240802675585284,0.45328448050248626,0.2,45,0.5,01-02-0012
2,0.3100952380952381,0.6806020066889632,0.4260664747448312,0.3,45,0.5,01-02-0012
3,0.2815238095238095,0.6178929765886287,0.38680973567129023,0.4,45,0.5,01-02-0012
4,0.24076190476190476,0.5284280936454849,0.3308034545930385,0.5,45,0.5,01-02-0012
5,0.1961904761904762,0.4306020066889632,0.2695629416383146,0.6,45,0.5,01-02-0012
6,0.14323809523809525,0.31438127090301005,0.196807118555352,0.7,45,0.5,01-02-0012
7,0.08952380952380952,0.19648829431438128,0.123004449097095,0.8,45,0.5,01-02-0012
8,0.030857142857142857,0.0677257525083612,0.04239727819942423,0.9,45,0.5,01-02-0012
0,0.35193669304456476,0.7065217391304348,0.46983597442313035,0.1,46,0.5,01-02-0012
1,0.34360683048729695,0.689799331103679,0.4587155963302752,0.2,46,0.5,01-02-0012
2,0.324448146605581,0.6513377926421404,0.4331387267167084,0.3,46,0.5,01-02-0012
3,0.2936276551436901,0.5894648829431438,0.3919933277731443,0.4,46,0.5,01-02-0012
4,0.2478134110787172,0.4974916387959866,0.330831248262441,0.5,46,0.5,01-02-0012
5,0.2003331945022907,0.40217391304347827,0.26744509313316656,0.6,46,0.5,01-02-0012
6,0.14827155351936694,0.2976588628762542,0.19794273005282179,0.7,46,0.5,01-02-0012
7,0.08788004997917534,0.17642140468227424,0.11731998887962189,0.8,46,0.5,01-02-0012
8,0.03290295710120783,0.06605351170568562,0.04392549346677787,0.9,46,0.5,01-02-0012
0,0.3677007299270073,0.6739130434782609,0.4757969303423849,0.1,47,0.5,01-02-0012
1,0.3585766423357664,0.657190635451505,0.4639905548996458,0.2,47,0.5,01-02-0012
2,0.3398722627737226,0.6229096989966555,0.4397874852420307,0.3,47,0.5,01-02-0012
3,0.30428832116788324,0.5576923076923077,0.3937426210153483,0.4,47,0.5,01-02-0012
4,0.2563868613138686,0.4698996655518395,0.3317591499409681,0.5,47,0.5,01-02-0012
5,0.2103102189781022,0.38545150501672243,0.27213695395513576,0.6,47,0.5,01-02-0012
6,0.15145985401459855,0.27759197324414714,0.19598583234946873,0.7,47,0.5,01-02-0012
7,0.09078467153284671,0.16638795986622074,0.11747343565525384,0.8,47,0.5,01-02-0012
8,0.032846715328467155,0.06020066889632107,0.04250295159386069,0.9,47,0.5,01-02-0012
0,0.3787128712871287,0.6396321070234113,0.47574626865671643,0.1,48,0.5,01-02-0012
1,0.3693069306930693,0.6237458193979933,0.4639303482587065,0.2,48,0.5,01-02-0012
2,0.35148514851485146,0.5936454849498328,0.44154228855721395,0.3,48,0.5,01-02-0012
3,0.31485148514851485,0.5317725752508361,0.3955223880597015,0.4,48,0.5,01-02-0012
4,0.26683168316831685,0.4506688963210702,0.3351990049751244,0.5,48,0.5,01-02-0012
5,0.21534653465346534,0.3637123745819398,0.27052238805970147,0.6,48,0.5,01-02-0012
6,0.15148514851485148,0.25585284280936454,0.19029850746268656,0.7,48,0.5,01-02-0012
7,0.09306930693069307,0.15719063545150502,0.11691542288557215,0.8,48,0.5,01-02-0012
8,0.031188118811881188,0.052675585284280936,0.03917910447761194,0.9,48,0.5,01-02-0012
0,0.390954388654657,0.7127882599580713,0.504950495049505,0.1,45,0.5,01-02-0013
1,0.3794557301648141,0.6918238993710691,0.4900990099009901,0.2,45,0.5,01-02-0013
2,0.3457263319279417,0.6303284416491963,0.44653465346534643,0.3,45,0.5,01-02-0013
3,0.2916826370256803,0.5317959468902865,0.37673267326732673,0.4,45,0.5,01-02-0013
4,0.22882330394787276,0.4171907756813417,0.2955445544554456,0.5,45,0.5,01-02-0013
5,0.16519739363740896,0.30118798043326345,0.21336633663366336,0.6,45,0.5,01-02-0013
6,0.10617094672288233,0.19357092941998602,0.13712871287128714,0.7,45,0.5,01-02-0013
7,0.06400919892679187,0.116701607267645,0.08267326732673266,0.8,45,0.5,01-02-0013
8,0.020314296665389038,0.037037037037037035,0.026237623762376237,0.9,45,0.5,01-02-0013
0,0.4014808720691074,0.6820405310971349,0.5054375970999482,0.1,46,0.5,01-02-0013
1,0.3911970382558618,0.6645702306079665,0.4924909373381668,0.2,46,0.5,01-02-0013
2,0.35294117647058826,0.59958071278826,0.4443293630243397,0.3,46,0.5,01-02-0013
3,0.29823118058412174,0.506638714185884,0.3754531330916624,0.4,46,0.5,01-02-0013
4,0.23529411764705882,0.3997204751921733,0.2962195753495598,0.5,46,0.5,01-02-0013
5,0.16988893459481694,0.2886093640810622,0.21387881926462973,0.6,46,0.5,01-02-0013
6,0.10941999177293295,0.18588399720475193,0.13775245986535473,0.7,46,0.5,01-02-0013
7,0.06458247634718223,0.10971348707197764,0.08130502330398758,0.8,46,0.5,01-02-0013
8,0.01974496092143151,0.033542976939203356,0.024857586742620407,0.9,46,0.5,01-02-0013
0,0.40821678321678323,0.6526904262753319,0.5022855606345792,0.1,47,0.5,01-02-0013
1,0.395979020979021,0.6331236897274634,0.48722774939499874,0.2,47,0.5,01-02-0013
2,0.361013986013986,0.5772187281621244,0.44420543156762565,0.3,47,0.5,01-02-0013
3,0.30113636363636365,0.48148148148148145,0.3705297122882495,0.4,47,0.5,01-02-0013
4,0.23907342657342656,0.3822501747030049,0.2941650981446625,0.5,47,0.5,01-02-0013
5,0.1673951048951049,0.2676450034940601,0.20596934659854801,0.6,47,0.5,01-02-0013
6,0.10882867132867133,0.1740041928721174,0.13390696423769832,0.7,47,0.5,01-02-0013
7,0.06293706293706294,0.10062893081761007,0.07744017208927131,0.8,47,0.5,01-02-0013
8,0.02054195804195804,0.03284416491963662,0.025275611723581608,0.9,47,0.5,01-02-0013
0,0.4224952741020794,0.6247379454926625,0.504087961657739,0.1,48,0.5,01-02-0013
1,0.40973534971644615,0.6058700209643606,0.48886382858753874,0.2,48,0.5,01-02-0013
2,0.3738185255198488,0.5527603074772887,0.44601071327882724,0.3,48,0.5,01-02-0013
3,0.31049149338374293,0.4591194968553459,0.37045390470820416,0.4,48,0.5,01-02-0013
4,0.24007561436672967,0.3549965059399022,0.2864392444319143,0.5,48,0.5,01-02-0013
5,0.17013232514177692,0.25157232704402516,0.2029884409360022,0.6,48,0.5,01-02-0013
6,0.1110586011342155,0.1642208245981831,0.13250634338877926,0.7,48,0.5,01-02-0013
7,0.06285444234404537,0.09294199860237597,0.07499295179024527,0.8,48,0.5,01-02-0013
8,0.021266540642722116,0.031446540880503145,0.025373555117000277,0.9,48,0.5,01-02-0013
0,0.44430459408432976,0.8748451053283767,0.5893155258764607,0.1,45,0.5,01-02-0014
1,0.4392699811202014,0.8649318463444857,0.5826377295492488,0.2,45,0.5,01-02-0014
2,0.4197608558842039,0.8265179677819083,0.5567612687813022,0.3,45,0.5,01-02-0014
3,0.3908118313404657,0.7695167286245354,0.5183639398998331,0.4,45,0.5,01-02-0014
4,0.3477029578351164,0.684634448574969,0.4611853088480801,0.5,45,0.5,01-02-0014
5,0.28099433606041535,0.5532837670384139,0.3727045075125208,0.6,45,0.5,01-02-0014
6,0.21900566393958465,0.4312267657992565,0.29048414023372293,0.7,45,0.5,01-02-0014
7,0.14191315292636877,0.27942998760842624,0.18823038397328878,0.8,45,0.5,01-02-0014
8,0.056954059156702326,0.11214374225526642,0.07554257095158598,0.9,45,0.5,01-02-0014
0,0.46138415245737213,0.8550185873605948,0.5993485342019544,0.1,46,0.5,01-02-0014
1,0.4560347709796055,0.8451053283767038,0.5923995656894679,0.2,46,0.5,01-02-0014
2,0.4389836175192243,0.8135068153655515,0.5702497285559175,0.3,46,0.5,01-02-0014
3,0.4082246740220662,0.7565055762081785,0.5302931596091206,0.4,46,0.5,01-02-0014
4,0.36342360414577063,0.6734820322180917,0.4720955483170467,0.5,46,0.5,01-02-0014
5,0.2938816449348044,0.5446096654275093,0.3817589576547231,0.6,46,0.5,01-02-0014
6,0.22601136743564026,0.4188351920693928,0.2935939196525516,0.7,46,0.5,01-02-0014
7,0.146773654296222,0.27199504337050806,0.19066232356134635,0.8,46,0.5,01-02-0014
8,0.058174523570712136,0.10780669144981413,0.0755700325732899,0.9,46,0.5,01-02-0014
0,0.48002853067047074,0.8339529120198265,0.609325486645541,0.1,47,0.5,01-02-0014
1,0.47503566333808844,0.8252788104089219,0.602987777274785,0.2,47,0.5,01-02-0014
2,0.456490727532097,0.7930607187112764,0.5794477138976912,0.3,47,0.5,01-02-0014
3,0.4243937232524964,0.7372986369268897,0.5387052965142599,0.4,47,0.5,01-02-0014
4,0.37910128388017117,0.6586121437422553,0.48121321865097333,0.5,47,0.5,01-02-0014
5,0.30527817403708984,0.530359355638166,0.387505658669081,0.6,47,0.5,01-02-0014
6,0.23395149786019973,0.40644361833952913,0.2969669533725668,0.7,47,0.5,01-02-0014
7,0.15299572039942938,0.26579925650557623,0.19420552286102308,0.8,47,0.5,01-02-0014
8,0.05884450784593438,0.10223048327137546,0.07469443186962428,0.9,47,0.5,01-02-0014
0,0.4996177370030581,0.8097893432465924,0.6179669030732861,0.1,48,0.5,01-02-0014
1,0.49426605504587157,0.8011152416356877,0.6113475177304964,0.2,48,0.5,01-02-0014
2,0.47744648318042815,0.7738537794299876,0.5905437352245863,0.3,48,0.5,01-02-0014
3,0.44495412844036697,0.7211895910780669,0.550354609929078,0.4,48,0.5,01-02-0014
4,0.3967889908256881,0.6431226765799256,0.4907801418439717,0.5,48,0.5,01-02-0014
5,0.31574923547400613,0.5117719950433705,0.3905437352245863,0.6,48,0.5,01-02-0014
6,0.24120795107033638,0.3909541511771995,0.2983451536643026,0.7,48,0.5,01-02-0014
7,0.15634556574923547,0.2534076827757125,0.1933806146572104,0.8,48,0.5,01-02-0014
8,0.05963302752293578,0.09665427509293681,0.07375886524822696,0.9,48,0.5,01-02-0014
0,0.3471725125268432,0.8144416456759026,0.4868255959849435,0.1,45,0.5,01-02-0017
1,0.3457408732999284,0.8110831234256927,0.4848180677540778,0.2,45,0.5,01-02-0017
2,0.33929849677881174,0.7959697732997482,0.4757841907151819,0.3,45,0.5,01-02-0017
3,0.3178239083750895,0.7455919395465995,0.44567126725219575,0.4,45,0.5,01-02-0017
4,0.28561202576950606,0.6700251889168766,0.4005018820577164,0.5,45,0.5,01-02-0017
5,0.2290622763063708,0.5373635600335852,0.3212045169385195,0.6,45,0.5,01-02-0017
6,0.164638511095204,0.38623005877413935,0.23086574654956082,0.7,45,0.5,01-02-0017
7,0.09556191839656407,0.22418136020151133,0.1340025094102886,0.8,45,0.5,01-02-0017
8,0.03507516105941303,0.08228379513014274,0.04918444165621079,0.9,45,0.5,01-02-0017
0,0.35553047404063204,0.7934508816120907,0.4910366328916601,0.1,46,0.5,01-02-0017
1,0.354778028592927,0.7917716204869857,0.48999740192257724,0.2,46,0.5,01-02-0017
2,0.34838224228743414,0.7774979009235936,0.4811639386853728,0.3,46,0.5,01-02-0017
3,0.32468021068472536,0.7246011754827876,0.44842816315926215,0.4,46,0.5,01-02-0017
4,0.290443942814146,0.6481947942905122,0.40114315406599116,0.5,46,0.5,01-02-0017
5,0.2253574115876599,0.5029387069689337,0.3112496752403222,0.6,46,0.5,01-02-0017
6,0.16027088036117382,0.35768261964735515,0.22135619641465318,0.7,46,0.5,01-02-0017
7,0.09255079006772009,0.20654911838790932,0.12782540919719407,0.8,46,0.5,01-02-0017
8,0.03235515425131678,0.07220822837951302,0.044686931670563784,0.9,46,0.5,01-02-0017
0,0.3634926906361122,0.7724601175482787,0.49435787211176785,0.1,47,0.5,01-02-0017
1,0.3630975898854208,0.7716204869857263,0.49382052659860287,0.2,47,0.5,01-02-0017
2,0.35519557487159226,0.7548278757346767,0.48307361633530355,0.3,47,0.5,01-02-0017
3,0.3330699328328724,0.707808564231738,0.4529822675980656,0.4,47,0.5,01-02-0017
4,0.29039905175819836,0.6171284634760705,0.3949489521762493,0.5,47,0.5,01-02-0017
5,0.22560252864480443,0.4794290512174643,0.3068242880171951,0.6,47,0.5,01-02-0017
6,0.1560647965231134,0.3316540722082284,0.2122514777001612,0.7,47,0.5,01-02-0017
7,0.08968787040695378,0.19059613769941225,0.1219774314884471,0.8,47,0.5,01-02-0017
8,0.03160806005531411,0.06717044500419815,0.04298764105319721,0.9,47,0.5,01-02-0017
0,0.3730721133805752,0.7514693534844669,0.4986072423398329,0.1,48,0.5,01-02-0017
1,0.37223843268028345,0.7497900923593619,0.4974930362116992,0.2,48,0.5,01-02-0017
2,0.3634847853272197,0.7321578505457599,0.4857938718662952,0.3,48,0.5,01-02-0017
3,0.3401417257190496,0.6851385390428212,0.45459610027855146,0.4,48,0.5,01-02-0017
4,0.2909545644018341,0.5860621326616289,0.388857938718663,0.5,48,0.5,01-02-0017
5,0.22426010837849103,0.4517212426532326,0.2997214484679666,0.6,48,0.5,01-02-0017
6,0.15339724885368905,0.3089840470193115,0.20501392757660167,0.7,48,0.5,01-02-0017
7,0.08711963318049187,0.17548278757346766,0.11643454038997213,0.8,48,0.5,01-02-0017
8,0.028761984160066693,0.05793450881612091,0.038440111420612814,0.9,48,0.5,01-02-0017
0,0.4493293591654247,0.7178571428571429,0.5527039413382218,0.1,45,0.5,01-02-0018
1,0.4456035767511177,0.7119047619047619,0.5481209899175068,0.2,45,0.5,01-02-0018
2,0.4314456035767511,0.6892857142857143,0.5307057745187901,0.3,45,0.5,01-02-0018
3,0.4098360655737705,0.6547619047619048,0.5041246562786434,0.4,45,0.5,01-02-0018
4,0.36922503725782413,0.5898809523809524,0.4541704857928506,0.5,45,0.5,01-02-0018
5,0.30178837555886734,0.48214285714285715,0.3712190650779102,0.6,45,0.5,01-02-0018
6,0.22578241430700446,0.3607142857142857,0.2777268560953254,0.7,45,0.5,01-02-0018
7,0.13450074515648286,0.2148809523809524,0.16544454628780933,0.8,45,0.5,01-02-0018
8,0.040611028315946346,0.06488095238095239,0.04995417048579285,0.9,45,0.5,01-02-0018
0,0.4655380894800484,0.6875,0.5551550108147081,0.1,46,0.5,01-02-0018
1,0.4623135832325675,0.6827380952380953,0.5513097813025715,0.2,46,0.5,01-02-0018
2,0.4502216848045143,0.6648809523809524,0.5368901706320596,0.3,46,0.5,01-02-0018
3,0.43047158403869407,0.6357142857142857,0.5133381398702235,0.4,46,0.5,01-02-0018
4,0.3901652559451834,0.5761904761904761,0.4652727709685172,0.5,46,0.5,01-02-0018
5,0.3196291817815397,0.4720238095238095,0.3811583753905311,0.6,46,0.5,01-02-0018
6,0.22893994357114067,0.3380952380952381,0.27301129536169194,0.7,46,0.5,01-02-0018
7,0.13381700927045545,0.1976190476190476,0.15957702475366498,0.8,46,0.5,01-02-0018
8,0.04070939137444579,0.06011904761904762,0.04854602259072338,0.9,46,0.5,01-02-0018
0,0.47850386930352534,0.6625,0.5556665002496256,0.1,47,0.5,01-02-0018
1,0.4754944110060189,0.6583333333333333,0.5521717423864203,0.2,47,0.5,01-02-0018
2,0.46388650042992263,0.6422619047619048,0.5386919620569147,0.3,47,0.5,01-02-0018
3,0.44411006018916593,0.6148809523809524,0.5157264103844234,0.4,47,0.5,01-02-0018
4,0.3998280309544282,0.5535714285714286,0.4643035446829756,0.5,47,0.5,01-02-0018
5,0.32674118658641443,0.4523809523809524,0.37943085371942087,0.6,47,0.5,01-02-0018
6,0.23258813413585555,0.32202380952380955,0.2700948577134299,0.7,47,0.5,01-02-0018
7,0.13714531384350817,0.18988095238095237,0.15926110833749377,0.8,47,0.5,01-02-0018
8,0.040842648323301804,0.05654761904761905,0.04742885671492761,0.9,47,0.5,01-02-0018
0,0.48790697674418604,0.6244047619047619,0.547780678851175,0.1,48,0.5,01-02-0018
1,0.4832558139534884,0.618452380952381,0.5425587467362925,0.2,48,0.5,01-02-0018
2,0.4720930232558139,0.6041666666666666,0.5300261096605744,0.3,48,0.5,01-02-0018
3,0.4530232558139535,0.5797619047619048,0.5086161879895562,0.4,48,0.5,01-02-0018
4,0.41069767441860466,0.5255952380952381,0.4610966057441253,0.5,48,0.5,01-02-0018
5,0.3283720930232558,0.42023809523809524,0.368668407310705,0.6,48,0.5,01-02-0018
6,0.24,0.30714285714285716,0.2694516971279374,0.7,48,0.5,01-02-0018
7,0.14,0.17916666666666667,0.15718015665796345,0.8,48,0.5,01-02-0018
8,0.044651162790697675,0.05714285714285714,0.050130548302872065,0.9,48,0.5,01-02-0018
0,0.45647058823529413,0.5500945179584121,0.498928418345478,0.1,45,0.5,01-02-0019
1,0.4549019607843137,0.5482041587901701,0.4972138876982426,0.2,45,0.5,01-02-0019
2,0.44784313725490194,0.5396975425330813,0.48949849978568366,0.3,45,0.5,01-02-0019
3,0.43058823529411766,0.5189035916824196,0.4706386626660951,0.4,45,0.5,01-02-0019
4,0.38901960784313727,0.46880907372400754,0.42520360051435924,0.5,45,0.5,01-02-0019
5,0.3247058823529412,0.391304347826087,0.35490784397771113,0.6,45,0.5,01-02-0019
6,0.23294117647058823,0.28071833648393196,0.254607801114445,0.7,45,0.5,01-02-0019
7,0.1396078431372549,0.16824196597353497,0.15259322760394345,0.8,45,0.5,01-02-0019
8,0.04627450980392157,0.055765595463137994,0.050578654093441915,0.9,45,0.5,01-02-0019
0,0.45596707818930043,0.5236294896030246,0.48746150461944565,0.1,46,0.5,01-02-0019
1,0.4534979423868313,0.5207939508506616,0.48482182138143426,0.2,46,0.5,01-02-0019
2,0.448559670781893,0.5151228733459358,0.47954245490541136,0.3,46,0.5,01-02-0019
3,0.43209876543209874,0.4962192816635161,0.46194456665200173,0.4,46,0.5,01-02-0019
4,0.388477366255144,0.44612476370510395,0.41531016278046634,0.5,46,0.5,01-02-0019
5,0.3234567901234568,0.3714555765595463,0.3457985041794985,0.6,46,0.5,01-02-0019
6,0.22962962962962963,0.2637051039697543,0.2454905411350638,0.7,46,0.5,01-02-0019
7,0.13991769547325103,0.16068052930056712,0.14958205015398152,0.8,46,0.5,01-02-0019
8,0.043621399176954734,0.0500945179584121,0.04663440387153541,0.9,46,0.5,01-02-0019
0,0.4653812445223488,0.501890359168242,0.4829467939972714,0.1,47,0.5,01-02-0019
1,0.4636283961437336,0.5,0.4811277853569805,0.2,47,0.5,01-02-0019
2,0.45924627519719546,0.4952741020793951,0.47658026375625284,0.3,47,0.5,01-02-0019
3,0.44171779141104295,0.4763705103969754,0.4583901773533424,0.4,47,0.5,01-02-0019
4,0.39351446099912357,0.42438563327032136,0.40836743974533873,0.5,47,0.5,01-02-0019
5,0.32427695004382123,0.3497164461247637,0.33651659845384274,0.6,47,0.5,01-02-0019
6,0.22787028921998248,0.24574669187145556,0.2364711232378354,0.7,47,0.5,01-02-0019
7,0.13584574934268187,0.14650283553875237,0.14097316962255574,0.8,47,0.5,01-02-0019
8,0.03943908851884312,0.04253308128544423,0.040927694406548434,0.9,47,0.5,01-02-0019
0,0.4725274725274725,0.4877126654064272,0.48,0.1,48,0.5,01-02-0019
1,0.4716117216117216,0.4867674858223062,0.4790697674418605,0.2,48,0.5,01-02-0019
2,0.4652014652014652,0.48015122873345933,0.4725581395348837,0.3,48,0.5,01-02-0019
3,0.445970695970696,0.4603024574669187,0.45302325581395353,0.4,48,0.5,01-02-0019
4,0.3946886446886447,0.40737240075614367,0.4009302325581396,0.5,48,0.5,01-02-0019
5,0.32051282051282054,0.33081285444234404,0.32558139534883723,0.6,48,0.5,01-02-0019
6,0.22252747252747251,0.22967863894139887,0.226046511627907,0.7,48,0.5,01-02-0019
7,0.12179487179487179,0.12570888468809074,0.12372093023255815,0.8,48,0.5,01-02-0019
8,0.03663003663003663,0.03780718336483932,0.037209302325581395,0.9,48,0.5,01-02-0019
