,precision,recall,f1,IoU,by_sample_precision,by_sample_recall,by_sample_f1,record,evaluation,gold_standard
0,0.3504531722054381,0.8888888888888888,0.5027085590465873,0.1,0.30140324315192,0.8445085731712313,0.4442534219432975,01-02-0001,record,E1
1,0.3496978851963746,0.8869731800766284,0.5016251354279523,0.2,0.30140324315192,0.8445085731712313,0.4442534219432975,01-02-0001,record,E1
2,0.34705438066465255,0.8802681992337165,0.4978331527627302,0.3,0.30140324315192,0.8445085731712313,0.4442534219432975,01-02-0001,record,E1
3,0.3406344410876133,0.8639846743295019,0.4886240520043338,0.4,0.30140324315192,0.8445085731712313,0.4442534219432975,01-02-0001,record,E1
4,0.3187311178247734,0.8084291187739464,0.457204767063922,0.5,0.30140324315192,0.8445085731712313,0.4442534219432975,01-02-0001,record,E1
5,0.28172205438066467,0.7145593869731801,0.40411700975081255,0.6,0.30140324315192,0.8445085731712313,0.4442534219432975,01-02-0001,record,E1
6,0.21336858006042297,0.5411877394636015,0.30606717226435537,0.7,0.30140324315192,0.8445085731712313,0.4442534219432975,01-02-0001,record,E1
7,0.1163141993957704,0.2950191570881226,0.1668472372697725,0.8,0.30140324315192,0.8445085731712313,0.4442534219432975,01-02-0001,record,E1
8,0.03663141993957704,0.09291187739463602,0.052546045503791994,0.9,0.30140324315192,0.8445085731712313,0.4442534219432975,01-02-0001,record,E1
0,0.4105691056910569,0.8836395450568679,0.5606439078545656,0.1,0.34053236618833144,0.852025355850027,0.48658812084021275,01-02-0002,record,E1
1,0.41016260162601625,0.8827646544181977,0.5600888148764919,0.2,0.34053236618833144,0.852025355850027,0.48658812084021275,01-02-0002,record,E1
2,0.4073170731707317,0.8766404199475065,0.5562031640299749,0.3,0.34053236618833144,0.852025355850027,0.48658812084021275,01-02-0002,record,E1
3,0.40040650406504064,0.8617672790901137,0.54676658340272,0.4,0.34053236618833144,0.852025355850027,0.48658812084021275,01-02-0002,record,E1
4,0.37886178861788616,0.8153980752405949,0.5173466555648071,0.5,0.34053236618833144,0.852025355850027,0.48658812084021275,01-02-0002,record,E1
5,0.3207317073170732,0.6902887139107612,0.4379683597002498,0.6,0.34053236618833144,0.852025355850027,0.48658812084021275,01-02-0002,record,E1
6,0.22967479674796748,0.49431321084864394,0.31362753261171245,0.7,0.34053236618833144,0.852025355850027,0.48658812084021275,01-02-0002,record,E1
7,0.11585365853658537,0.24934383202099739,0.1582014987510408,0.8,0.34053236618833144,0.852025355850027,0.48658812084021275,01-02-0002,record,E1
8,0.026422764227642278,0.0568678915135608,0.03608104357479878,0.9,0.34053236618833144,0.852025355850027,0.48658812084021275,01-02-0002,record,E1
0,0.10232558139534884,0.7692307692307693,0.180623973727422,0.1,0.0779778750732105,0.7534230312623664,0.14132851326323448,01-02-0003,record,E1
1,0.10232558139534884,0.7692307692307693,0.180623973727422,0.2,0.0779778750732105,0.7534230312623664,0.14132851326323448,01-02-0003,record,E1
2,0.10232558139534884,0.7692307692307693,0.180623973727422,0.3,0.0779778750732105,0.7534230312623664,0.14132851326323448,01-02-0003,record,E1
3,0.10046511627906977,0.7552447552447552,0.17733990147783252,0.4,0.0779778750732105,0.7534230312623664,0.14132851326323448,01-02-0003,record,E1
4,0.09302325581395349,0.6993006993006993,0.16420361247947454,0.5,0.0779778750732105,0.7534230312623664,0.14132851326323448,01-02-0003,record,E1
5,0.07813953488372093,0.5874125874125874,0.13793103448275862,0.6,0.0779778750732105,0.7534230312623664,0.14132851326323448,01-02-0003,record,E1
6,0.0586046511627907,0.4405594405594406,0.10344827586206898,0.7,0.0779778750732105,0.7534230312623664,0.14132851326323448,01-02-0003,record,E1
7,0.02883720930232558,0.21678321678321677,0.05090311986863711,0.8,0.0779778750732105,0.7534230312623664,0.14132851326323448,01-02-0003,record,E1
8,0.0065116279069767444,0.04895104895104895,0.01149425287356322,0.9,0.0779778750732105,0.7534230312623664,0.14132851326323448,01-02-0003,record,E1
0,0.23262548262548263,0.7067448680351907,0.35003631082062453,0.1,0.18553415360030165,0.6705059779699236,0.2906446894689469,01-02-0005,record,E1
1,0.23262548262548263,0.7067448680351907,0.35003631082062453,0.2,0.18553415360030165,0.6705059779699236,0.2906446894689469,01-02-0005,record,E1
2,0.23166023166023167,0.7038123167155426,0.3485838779956427,0.3,0.18553415360030165,0.6705059779699236,0.2906446894689469,01-02-0005,record,E1
3,0.22972972972972974,0.6979472140762464,0.34567901234567905,0.4,0.18553415360030165,0.6705059779699236,0.2906446894689469,01-02-0005,record,E1
4,0.22586872586872586,0.6862170087976539,0.3398692810457516,0.5,0.18553415360030165,0.6705059779699236,0.2906446894689469,01-02-0005,record,E1
5,0.2084942084942085,0.6334310850439883,0.3137254901960784,0.6,0.18553415360030165,0.6705059779699236,0.2906446894689469,01-02-0005,record,E1
6,0.16795366795366795,0.5102639296187683,0.2527233115468409,0.7,0.18553415360030165,0.6705059779699236,0.2906446894689469,01-02-0005,record,E1
7,0.10424710424710425,0.31671554252199413,0.1568627450980392,0.8,0.18553415360030165,0.6705059779699236,0.2906446894689469,01-02-0005,record,E1
8,0.03185328185328185,0.0967741935483871,0.04793028322440087,0.9,0.18553415360030165,0.6705059779699236,0.2906446894689469,01-02-0005,record,E1
0,0.10342205323193916,0.9066666666666666,0.18566552901023892,0.1,0.08850902317243117,0.864648537711647,0.16058037118091179,01-02-0006,record,E1
1,0.10342205323193916,0.9066666666666666,0.18566552901023892,0.2,0.08850902317243117,0.864648537711647,0.16058037118091179,01-02-0006,record,E1
2,0.10342205323193916,0.9066666666666666,0.18566552901023892,0.3,0.08850902317243117,0.864648537711647,0.16058037118091179,01-02-0006,record,E1
3,0.10266159695817491,0.9,0.18430034129692835,0.4,0.08850902317243117,0.864648537711647,0.16058037118091179,01-02-0006,record,E1
4,0.09885931558935361,0.8666666666666667,0.17747440273037543,0.5,0.08850902317243117,0.864648537711647,0.16058037118091179,01-02-0006,record,E1
5,0.07680608365019011,0.6733333333333333,0.1378839590443686,0.6,0.08850902317243117,0.864648537711647,0.16058037118091179,01-02-0006,record,E1
6,0.053231939163498096,0.4666666666666667,0.0955631399317406,0.7,0.08850902317243117,0.864648537711647,0.16058037118091179,01-02-0006,record,E1
7,0.026615969581749048,0.23333333333333334,0.0477815699658703,0.8,0.08850902317243117,0.864648537711647,0.16058037118091179,01-02-0006,record,E1
8,0.011406844106463879,0.1,0.020477815699658702,0.9,0.08850902317243117,0.864648537711647,0.16058037118091179,01-02-0006,record,E1
0,0.2547869054972205,0.9046052631578947,0.39759036144578314,0.1,0.21110461369549133,0.8487170383449123,0.33810987381064334,01-02-0007,record,E1
1,0.2523162445954293,0.8958333333333334,0.3937349397590362,0.2,0.21110461369549133,0.8487170383449123,0.33810987381064334,01-02-0007,record,E1
2,0.24366893143915996,0.8651315789473685,0.3802409638554217,0.3,0.21110461369549133,0.8487170383449123,0.33810987381064334,01-02-0007,record,E1
3,0.22544780728844965,0.8004385964912281,0.35180722891566263,0.4,0.21110461369549133,0.8487170383449123,0.33810987381064334,01-02-0007,record,E1
4,0.18777022853613343,0.6666666666666666,0.2930120481927711,0.5,0.21110461369549133,0.8487170383449123,0.33810987381064334,01-02-0007,record,E1
5,0.1439159975293391,0.5109649122807017,0.22457831325301206,0.6,0.21110461369549133,0.8487170383449123,0.33810987381064334,01-02-0007,record,E1
6,0.09141445336627547,0.32456140350877194,0.14265060240963856,0.7,0.21110461369549133,0.8487170383449123,0.33810987381064334,01-02-0007,record,E1
7,0.05003088326127239,0.17763157894736842,0.0780722891566265,0.8,0.21110461369549133,0.8487170383449123,0.33810987381064334,01-02-0007,record,E1
8,0.010809141445336628,0.03837719298245614,0.016867469879518072,0.9,0.21110461369549133,0.8487170383449123,0.33810987381064334,01-02-0007,record,E1
0,0.38349241998877037,0.8390663390663391,0.5263969171483622,0.1,0.34675553260895076,0.7674081614633919,0.47767312320879857,01-02-0009,record,E1
1,0.38180797304884895,0.8353808353808354,0.5240847784200385,0.2,0.34675553260895076,0.7674081614633919,0.47767312320879857,01-02-0009,record,E1
2,0.3790005614823133,0.8292383292383292,0.5202312138728323,0.3,0.34675553260895076,0.7674081614633919,0.47767312320879857,01-02-0009,record,E1
3,0.3728242560359349,0.8157248157248157,0.5117533718689788,0.4,0.34675553260895076,0.7674081614633919,0.47767312320879857,01-02-0009,record,E1
4,0.35092644581695676,0.7678132678132679,0.48169556840077077,0.5,0.34675553260895076,0.7674081614633919,0.47767312320879857,01-02-0009,record,E1
5,0.3121841661987647,0.683046683046683,0.42851637764932554,0.6,0.34675553260895076,0.7674081614633919,0.47767312320879857,01-02-0009,record,E1
6,0.2369455362156092,0.5184275184275184,0.32524084778420037,0.7,0.34675553260895076,0.7674081614633919,0.47767312320879857,01-02-0009,record,E1
7,0.13531723750701852,0.29606879606879605,0.1857418111753372,0.8,0.34675553260895076,0.7674081614633919,0.47767312320879857,01-02-0009,record,E1
8,0.041549691184727684,0.09090909090909091,0.057032755298651254,0.9,0.34675553260895076,0.7674081614633919,0.47767312320879857,01-02-0009,record,E1
0,0.35568669527896996,0.8339622641509434,0.49868371568258746,0.1,0.3187253374999378,0.7722551436856098,0.45122215392852183,01-02-0010,record,E1
1,0.3546137339055794,0.8314465408805032,0.49717939074840156,0.2,0.3187253374999378,0.7722551436856098,0.45122215392852183,01-02-0010,record,E1
2,0.35354077253218885,0.8289308176100629,0.4956750658142159,0.3,0.3187253374999378,0.7722551436856098,0.45122215392852183,01-02-0010,record,E1
3,0.3487124463519313,0.8176100628930818,0.4889056036103798,0.4,0.3187253374999378,0.7722551436856098,0.45122215392852183,01-02-0010,record,E1
4,0.32457081545064376,0.7610062893081762,0.45505829259119973,0.5,0.3187253374999378,0.7722551436856098,0.45122215392852183,01-02-0010,record,E1
5,0.29130901287553645,0.6830188679245283,0.4084242196314403,0.6,0.3187253374999378,0.7722551436856098,0.45122215392852183,01-02-0010,record,E1
6,0.2296137339055794,0.5383647798742138,0.3219255359157578,0.7,0.3187253374999378,0.7722551436856098,0.45122215392852183,01-02-0010,record,E1
7,0.13680257510729613,0.32075471698113206,0.19180142910868744,0.8,0.3187253374999378,0.7722551436856098,0.45122215392852183,01-02-0010,record,E1
8,0.03969957081545064,0.0930817610062893,0.055660022564874005,0.9,0.3187253374999378,0.7722551436856098,0.45122215392852183,01-02-0010,record,E1
0,0.26766304347826086,0.9752475247524752,0.420042643923241,0.1,0.2376223749275253,0.94636017998535,0.3798643021754775,01-02-0011,record,E1
1,0.26766304347826086,0.9752475247524752,0.420042643923241,0.2,0.2376223749275253,0.94636017998535,0.3798643021754775,01-02-0011,record,E1
2,0.266304347826087,0.9702970297029703,0.417910447761194,0.3,0.2376223749275253,0.94636017998535,0.3798643021754775,01-02-0011,record,E1
3,0.259963768115942,0.9471947194719472,0.4079601990049751,0.4,0.2376223749275253,0.94636017998535,0.3798643021754775,01-02-0011,record,E1
4,0.24048913043478262,0.8762376237623762,0.3773987206823028,0.5,0.2376223749275253,0.94636017998535,0.3798643021754775,01-02-0011,record,E1
5,0.20018115942028986,0.7293729372937293,0.3141435678749111,0.6,0.2376223749275253,0.94636017998535,0.3798643021754775,01-02-0011,record,E1
6,0.1490036231884058,0.5429042904290429,0.23383084577114427,0.7,0.2376223749275253,0.94636017998535,0.3798643021754775,01-02-0011,record,E1
7,0.0792572463768116,0.2887788778877888,0.12437810945273632,0.8,0.2376223749275253,0.94636017998535,0.3798643021754775,01-02-0011,record,E1
8,0.018115942028985508,0.066006600660066,0.028429282160625444,0.9,0.2376223749275253,0.94636017998535,0.3798643021754775,01-02-0011,record,E1
0,0.22133333333333333,0.8194640338504936,0.34853029394121177,0.1,0.19554456726713101,0.7464567032851234,0.309905214760412,01-02-0012,record,E1
1,0.21980952380952382,0.8138222849083215,0.34613077384523094,0.2,0.19554456726713101,0.7464567032851234,0.309905214760412,01-02-0012,record,E1
2,0.21714285714285714,0.8039492242595204,0.34193161367726455,0.3,0.19554456726713101,0.7464567032851234,0.309905214760412,01-02-0012,record,E1
3,0.21104761904761904,0.7813822284908322,0.33233353329334137,0.4,0.19554456726713101,0.7464567032851234,0.309905214760412,01-02-0012,record,E1
4,0.18933333333333333,0.7009873060648801,0.2981403719256148,0.5,0.19554456726713101,0.7464567032851234,0.309905214760412,01-02-0012,record,E1
5,0.14933333333333335,0.5528913963328632,0.23515296940611882,0.6,0.19554456726713101,0.7464567032851234,0.309905214760412,01-02-0012,record,E1
6,0.09942857142857142,0.36812411847672777,0.15656868626274745,0.7,0.19554456726713101,0.7464567032851234,0.309905214760412,01-02-0012,record,E1
7,0.05980952380952381,0.22143864598025387,0.09418116376724656,0.8,0.19554456726713101,0.7464567032851234,0.309905214760412,01-02-0012,record,E1
8,0.014095238095238095,0.05218617771509168,0.022195560887822437,0.9,0.19554456726713101,0.7464567032851234,0.309905214760412,01-02-0012,record,E1
0,0.23188961287849752,0.8667621776504298,0.36589053522830356,0.1,0.21146442013507094,0.782126577301601,0.3329175557508054,01-02-0013,record,E1
1,0.22997316979685703,0.8595988538681948,0.36286664650740846,0.2,0.21146442013507094,0.782126577301601,0.3329175557508054,01-02-0013,record,E1
2,0.2249904177845918,0.8409742120343839,0.35500453583308134,0.3,0.21146442013507094,0.782126577301601,0.3329175557508054,01-02-0013,record,E1
3,0.21425833652740514,0.8008595988538681,0.3380707589960689,0.4,0.21146442013507094,0.782126577301601,0.3329175557508054,01-02-0013,record,E1
4,0.19662706017631276,0.7349570200573066,0.3102509827638343,0.5,0.21146442013507094,0.782126577301601,0.3329175557508054,01-02-0013,record,E1
5,0.16711383671904945,0.6246418338108882,0.2636830964620502,0.6,0.21146442013507094,0.782126577301601,0.3329175557508054,01-02-0013,record,E1
6,0.12188577999233423,0.45558739255014324,0.19231932264892654,0.7,0.21146442013507094,0.782126577301601,0.3329175557508054,01-02-0013,record,E1
7,0.06515906477577615,0.24355300859598855,0.1028122165104324,0.8,0.21146442013507094,0.782126577301601,0.3329175557508054,01-02-0013,record,E1
8,0.01609812188577999,0.06017191977077364,0.025400665255518595,0.9,0.21146442013507094,0.782126577301601,0.3329175557508054,01-02-0013,record,E1
0,0.210509754562618,0.9396067415730337,0.34395886889460153,0.1,0.17131519594384817,0.9088514548238897,0.2882889690333264,01-02-0014,record,E1
1,0.20988042794210196,0.9367977528089888,0.3429305912596401,0.2,0.17131519594384817,0.9088514548238897,0.2882889690333264,01-02-0014,record,E1
2,0.20610446821900566,0.9199438202247191,0.3367609254498714,0.3,0.17131519594384817,0.9088514548238897,0.2882889690333264,01-02-0014,record,E1
3,0.1881686595342983,0.8398876404494382,0.3074550128534705,0.4,0.17131519594384817,0.9088514548238897,0.2882889690333264,01-02-0014,record,E1
4,0.1526117054751416,0.6811797752808989,0.24935732647814915,0.5,0.17131519594384817,0.9088514548238897,0.2882889690333264,01-02-0014,record,E1
5,0.1170547514159849,0.5224719101123596,0.19125964010282778,0.6,0.17131519594384817,0.9088514548238897,0.2882889690333264,01-02-0014,record,E1
6,0.07488986784140969,0.3342696629213483,0.1223650385604113,0.7,0.17131519594384817,0.9088514548238897,0.2882889690333264,01-02-0014,record,E1
7,0.039962240402769036,0.17837078651685392,0.06529562982005141,0.8,0.17131519594384817,0.9088514548238897,0.2882889690333264,01-02-0014,record,E1
8,0.007866582756450597,0.0351123595505618,0.012853470437017993,0.9,0.17131519594384817,0.9088514548238897,0.2882889690333264,01-02-0014,record,E1
0,0.1642806012884753,0.9765957446808511,0.28125,0.1,0.14205465236942236,0.9566716362281029,0.24737672726396573,01-02-0017,record,E1
1,0.1642806012884753,0.9765957446808511,0.28125,0.2,0.14205465236942236,0.9566716362281029,0.24737672726396573,01-02-0017,record,E1
2,0.1635647816750179,0.9723404255319149,0.2800245098039216,0.3,0.14205465236942236,0.9566716362281029,0.24737672726396573,01-02-0017,record,E1
3,0.15998568360773086,0.951063829787234,0.2738970588235294,0.4,0.14205465236942236,0.9566716362281029,0.24737672726396573,01-02-0017,record,E1
4,0.148890479599141,0.8851063829787233,0.2549019607843137,0.5,0.14205465236942236,0.9566716362281029,0.24737672726396573,01-02-0017,record,E1
5,0.1224051539012169,0.7276595744680852,0.20955882352941177,0.6,0.14205465236942236,0.9566716362281029,0.24737672726396573,01-02-0017,record,E1
6,0.082319255547602,0.48936170212765956,0.1409313725490196,0.7,0.14205465236942236,0.9566716362281029,0.24737672726396573,01-02-0017,record,E1
7,0.04223335719398712,0.251063829787234,0.07230392156862744,0.8,0.14205465236942236,0.9566716362281029,0.24737672726396573,01-02-0017,record,E1
8,0.012526843235504653,0.07446808510638298,0.02144607843137255,0.9,0.14205465236942236,0.9566716362281029,0.24737672726396573,01-02-0017,record,E1
0,0.3632637853949329,0.8376288659793815,0.5067567567567567,0.1,0.3160524025055094,0.7517306607110213,0.44500852193530854,01-02-0018,record,E1
1,0.36140089418777943,0.8333333333333334,0.5041580041580042,0.2,0.3160524025055094,0.7517306607110213,0.44500852193530854,01-02-0018,record,E1
2,0.3554396423248882,0.8195876288659794,0.49584199584199584,0.3,0.3160524025055094,0.7517306607110213,0.44500852193530854,01-02-0018,record,E1
3,0.3435171385991058,0.7920962199312714,0.47920997920997926,0.4,0.3160524025055094,0.7517306607110213,0.44500852193530854,01-02-0018,record,E1
4,0.31706408345752607,0.7310996563573883,0.4423076923076923,0.5,0.3160524025055094,0.7517306607110213,0.44500852193530854,01-02-0018,record,E1
5,0.2678837555886736,0.6176975945017182,0.37370062370062374,0.6,0.3160524025055094,0.7517306607110213,0.44500852193530854,01-02-0018,record,E1
6,0.20156482861400893,0.4647766323024055,0.2811850311850312,0.7,0.3160524025055094,0.7517306607110213,0.44500852193530854,01-02-0018,record,E1
7,0.11624441132637854,0.26804123711340205,0.16216216216216217,0.8,0.3160524025055094,0.7517306607110213,0.44500852193530854,01-02-0018,record,E1
8,0.038002980625931444,0.08762886597938144,0.05301455301455302,0.9,0.3160524025055094,0.7517306607110213,0.44500852193530854,01-02-0018,record,E1
0,0.22509803921568627,0.9111111111111111,0.36100628930817613,0.1,0.19096880015768875,0.8731793675062364,0.3133962378588201,01-02-0019,record,E1
1,0.22431372549019607,0.9079365079365079,0.35974842767295595,0.2,0.19096880015768875,0.8731793675062364,0.3133962378588201,01-02-0019,record,E1
2,0.2235294117647059,0.9047619047619048,0.3584905660377359,0.3,0.19096880015768875,0.8731793675062364,0.3133962378588201,01-02-0019,record,E1
3,0.2211764705882353,0.8952380952380953,0.35471698113207556,0.4,0.19096880015768875,0.8731793675062364,0.3133962378588201,01-02-0019,record,E1
4,0.21254901960784314,0.8603174603174604,0.34088050314465407,0.5,0.19096880015768875,0.8731793675062364,0.3133962378588201,01-02-0019,record,E1
5,0.19137254901960785,0.7746031746031746,0.3069182389937107,0.6,0.19096880015768875,0.8731793675062364,0.3133962378588201,01-02-0019,record,E1
6,0.15215686274509804,0.6158730158730159,0.24402515723270443,0.7,0.19096880015768875,0.8731793675062364,0.3133962378588201,01-02-0019,record,E1
7,0.09019607843137255,0.36507936507936506,0.14465408805031446,0.8,0.19096880015768875,0.8731793675062364,0.3133962378588201,01-02-0019,record,E1
8,0.023529411764705882,0.09523809523809523,0.03773584905660377,0.9,0.19096880015768875,0.8731793675062364,0.3133962378588201,01-02-0019,record,E1
0,0.5736404833836858,0.6215220949263502,0.5966221523959151,0.1,0.580490728978157,0.48111864949906896,0.5261538212356557,01-02-0001,record,E2
1,0.570619335347432,0.6182487725040916,0.5934799685781619,0.2,0.580490728978157,0.48111864949906896,0.5261538212356557,01-02-0001,record,E2
2,0.5608006042296072,0.6076104746317512,0.5832678711704634,0.3,0.580490728978157,0.48111864949906896,0.5261538212356557,01-02-0001,record,E2
3,0.5302114803625377,0.574468085106383,0.5514532600157109,0.4,0.580490728978157,0.48111864949906896,0.5261538212356557,01-02-0001,record,E2
4,0.4656344410876133,0.5045008183306056,0.48428908091123335,0.5,0.580490728978157,0.48111864949906896,0.5261538212356557,01-02-0001,record,E2
5,0.3802870090634441,0.41202945990180034,0.39552238805970147,0.6,0.580490728978157,0.48111864949906896,0.5261538212356557,01-02-0001,record,E2
6,0.26623867069486407,0.28846153846153844,0.27690494893951295,0.7,0.580490728978157,0.48111864949906896,0.5261538212356557,01-02-0001,record,E2
7,0.15143504531722055,0.16407528641571195,0.15750196386488607,0.8,0.580490728978157,0.48111864949906896,0.5261538212356557,01-02-0001,record,E2
8,0.04758308157099698,0.05155482815057283,0.04948939512961509,0.9,0.580490728978157,0.48111864949906896,0.5261538212356557,01-02-0001,record,E2
0,0.6475609756097561,0.7214673913043478,0.6825192802056556,0.1,0.6540028935791348,0.5790337000827396,0.6142392160630223,01-02-0002,record,E2
1,0.6459349593495934,0.7196557971014492,0.6808054841473863,0.2,0.6540028935791348,0.5790337000827396,0.6142392160630223,01-02-0002,record,E2
2,0.6398373983739838,0.7128623188405797,0.6743787489288774,0.3,0.6540028935791348,0.5790337000827396,0.6142392160630223,01-02-0002,record,E2
3,0.6117886178861789,0.6816123188405797,0.6448157669237362,0.4,0.6540028935791348,0.5790337000827396,0.6142392160630223,01-02-0002,record,E2
4,0.5634146341463414,0.6277173913043478,0.5938303341902313,0.5,0.6540028935791348,0.5790337000827396,0.6142392160630223,01-02-0002,record,E2
5,0.4845528455284553,0.5398550724637681,0.5107112253641816,0.6,0.6540028935791348,0.5790337000827396,0.6142392160630223,01-02-0002,record,E2
6,0.36097560975609755,0.40217391304347827,0.38046272493573263,0.7,0.6540028935791348,0.5790337000827396,0.6142392160630223,01-02-0002,record,E2
7,0.21300813008130082,0.23731884057971014,0.22450728363324765,0.8,0.6540028935791348,0.5790337000827396,0.6142392160630223,01-02-0002,record,E2
8,0.06951219512195123,0.07744565217391304,0.07326478149100259,0.9,0.6540028935791348,0.5790337000827396,0.6142392160630223,01-02-0002,record,E2
0,0.23906976744186045,0.4269102990033223,0.3064997018485391,0.1,0.21651464824151476,0.357061322634462,0.26956849866908716,01-02-0003,record,E2
1,0.23906976744186045,0.4269102990033223,0.3064997018485391,0.2,0.21651464824151476,0.357061322634462,0.26956849866908716,01-02-0003,record,E2
2,0.23813953488372094,0.42524916943521596,0.30530709600477046,0.3,0.21651464824151476,0.357061322634462,0.26956849866908716,01-02-0003,record,E2
3,0.22511627906976744,0.4019933554817276,0.28861061419200956,0.4,0.21651464824151476,0.357061322634462,0.26956849866908716,01-02-0003,record,E2
4,0.20651162790697675,0.3687707641196013,0.26475849731663686,0.5,0.21651464824151476,0.357061322634462,0.26956849866908716,01-02-0003,record,E2
5,0.16651162790697674,0.2973421926910299,0.21347644603458557,0.6,0.21651464824151476,0.357061322634462,0.26956849866908716,01-02-0003,record,E2
6,0.1172093023255814,0.20930232558139536,0.15026833631484796,0.7,0.21651464824151476,0.357061322634462,0.26956849866908716,01-02-0003,record,E2
7,0.06790697674418604,0.1212624584717608,0.08706022659511031,0.8,0.21651464824151476,0.357061322634462,0.26956849866908716,01-02-0003,record,E2
8,0.017674418604651163,0.03156146179401993,0.022659511031604056,0.9,0.21651464824151476,0.357061322634462,0.26956849866908716,01-02-0003,record,E2
0,0.43532818532818535,0.3764607679465776,0.40376007162041183,0.1,0.39371467817015526,0.31198400756937106,0.34811651379423936,01-02-0005,record,E2
1,0.43532818532818535,0.3764607679465776,0.40376007162041183,0.2,0.39371467817015526,0.31198400756937106,0.34811651379423936,01-02-0005,record,E2
2,0.4343629343629344,0.3756260434056761,0.4028648164726948,0.3,0.39371467817015526,0.31198400756937106,0.34811651379423936,01-02-0005,record,E2
3,0.416023166023166,0.3597662771285476,0.38585496866606983,0.4,0.39371467817015526,0.31198400756937106,0.34811651379423936,01-02-0005,record,E2
4,0.37258687258687256,0.32220367278797996,0.34556848701880033,0.5,0.39371467817015526,0.31198400756937106,0.34811651379423936,01-02-0005,record,E2
5,0.30694980694980695,0.2654424040066778,0.28469113697403764,0.6,0.39371467817015526,0.31198400756937106,0.34811651379423936,01-02-0005,record,E2
6,0.21525096525096524,0.18614357262103506,0.19964189794091317,0.7,0.39371467817015526,0.31198400756937106,0.34811651379423936,01-02-0005,record,E2
7,0.12355212355212356,0.10684474123539232,0.11459265890778873,0.8,0.39371467817015526,0.31198400756937106,0.34811651379423936,01-02-0005,record,E2
8,0.03667953667953668,0.03171953255425709,0.03401969561324978,0.9,0.39371467817015526,0.31198400756937106,0.34811651379423936,01-02-0005,record,E2
0,0.3467680608365019,0.5448028673835126,0.4237918215613383,0.1,0.3267494870412258,0.46144755255129033,0.38258898097489075,01-02-0006,record,E2
1,0.3452471482889734,0.5424133811230586,0.42193308550185876,0.2,0.3267494870412258,0.46144755255129033,0.38258898097489075,01-02-0006,record,E2
2,0.34220532319391633,0.5376344086021505,0.41821561338289953,0.3,0.3267494870412258,0.46144755255129033,0.38258898097489075,01-02-0006,record,E2
3,0.33079847908745247,0.5197132616487455,0.404275092936803,0.4,0.3267494870412258,0.46144755255129033,0.38258898097489075,01-02-0006,record,E2
4,0.30190114068441065,0.4743130227001195,0.36895910780669144,0.5,0.3267494870412258,0.46144755255129033,0.38258898097489075,01-02-0006,record,E2
5,0.2585551330798479,0.4062126642771804,0.3159851301115241,0.6,0.3267494870412258,0.46144755255129033,0.38258898097489075,01-02-0006,record,E2
6,0.19315589353612167,0.3034647550776583,0.23605947955390336,0.7,0.3267494870412258,0.46144755255129033,0.38258898097489075,01-02-0006,record,E2
7,0.1155893536121673,0.1816009557945042,0.1412639405204461,0.8,0.3267494870412258,0.46144755255129033,0.38258898097489075,01-02-0006,record,E2
8,0.033460076045627375,0.052568697729988054,0.04089219330855018,0.9,0.3267494870412258,0.46144755255129033,0.38258898097489075,01-02-0006,record,E2
0,0.4141445336627548,0.8376014990630856,0.5542467451952883,0.1,0.45048213475905197,0.6918414550999612,0.5456636252197243,01-02-0007,record,E2
1,0.41074737492279184,0.8307307932542161,0.5497003513122545,0.2,0.45048213475905197,0.6918414550999612,0.5456636252197243,01-02-0007,record,E2
2,0.40364422483014206,0.816364772017489,0.540194255011366,0.3,0.45048213475905197,0.6918414550999612,0.5456636252197243,01-02-0007,record,E2
3,0.3835701050030883,0.7757651467832605,0.5133292002479851,0.4,0.45048213475905197,0.6918414550999612,0.5456636252197243,01-02-0007,record,E2
4,0.3449660284126004,0.6976889444097439,0.4616656333953297,0.5,0.45048213475905197,0.6918414550999612,0.5456636252197243,01-02-0007,record,E2
5,0.28289067325509576,0.5721424109931293,0.3785906178962596,0.6,0.45048213475905197,0.6918414550999612,0.5456636252197243,01-02-0007,record,E2
6,0.2192711550339716,0.443472829481574,0.29344905972308327,0.7,0.45048213475905197,0.6918414550999612,0.5456636252197243,01-02-0007,record,E2
7,0.144224830142063,0.29169269206745785,0.19301508576152096,0.8,0.45048213475905197,0.6918414550999612,0.5456636252197243,01-02-0007,record,E2
8,0.05713403335392218,0.1155527795128045,0.07646207894193015,0.9,0.45048213475905197,0.6918414550999612,0.5456636252197243,01-02-0007,record,E2
0,0.5682201010668164,0.608538785327721,0.5876887340301975,0.1,0.5815657928703856,0.43718674525564055,0.49914546785760683,01-02-0009,record,E2
1,0.5637282425603594,0.6037282020444978,0.5830429732868757,0.2,0.5815657928703856,0.43718674525564055,0.49914546785760683,01-02-0009,record,E2
2,0.5463222908478383,0.5850871918220084,0.5650406504065041,0.3,0.5815657928703856,0.43718674525564055,0.49914546785760683,01-02-0009,record,E2
3,0.4941044357102751,0.52916416115454,0.5110336817653891,0.4,0.5815657928703856,0.43718674525564055,0.49914546785760683,01-02-0009,record,E2
4,0.42897248736664795,0.45941070354780517,0.4436701509872242,0.5,0.5815657928703856,0.43718674525564055,0.49914546785760683,01-02-0009,record,E2
5,0.3368893879842785,0.3607937462417318,0.3484320557491289,0.6,0.5815657928703856,0.43718674525564055,0.49914546785760683,01-02-0009,record,E2
6,0.21224031443009544,0.22730006013229104,0.21951219512195122,0.7,0.5815657928703856,0.43718674525564055,0.49914546785760683,01-02-0009,record,E2
7,0.11510387422796182,0.1232711966325917,0.11904761904761904,0.8,0.5815657928703856,0.43718674525564055,0.49914546785760683,01-02-0009,record,E2
8,0.03481190342504211,0.037282020444978956,0.036004645760743324,0.9,0.5815657928703856,0.43718674525564055,0.49914546785760683,01-02-0009,record,E2
0,0.6099785407725322,0.586687306501548,0.59810625986323,0.1,0.6236869473485169,0.4215798227748898,0.5030942152674713,01-02-0010,record,E2
1,0.6089055793991416,0.5856553147574819,0.5970541820094687,0.2,0.6236869473485169,0.4215798227748898,0.5030942152674713,01-02-0010,record,E2
2,0.592274678111588,0.5696594427244582,0.5807469752761706,0.3,0.6236869473485169,0.4215798227748898,0.5030942152674713,01-02-0010,record,E2
3,0.5434549356223176,0.522703818369453,0.5328774329300369,0.4,0.6236869473485169,0.4215798227748898,0.5030942152674713,01-02-0010,record,E2
4,0.4533261802575107,0.4360165118679051,0.44450289321409786,0.5,0.6236869473485169,0.4215798227748898,0.5030942152674713,01-02-0010,record,E2
5,0.3492489270386266,0.33591331269349844,0.34245134139926353,0.6,0.6236869473485169,0.4215798227748898,0.5030942152674713,01-02-0010,record,E2
6,0.23605150214592274,0.22703818369453044,0.23145712782745922,0.7,0.6236869473485169,0.4215798227748898,0.5030942152674713,01-02-0010,record,E2
7,0.13626609442060086,0.13106295149638802,0.13361388742766964,0.8,0.6236869473485169,0.4215798227748898,0.5030942152674713,01-02-0010,record,E2
8,0.04774678111587983,0.04592363261093911,0.04681746449237243,0.9,0.6236869473485169,0.4215798227748898,0.5030942152674713,01-02-0010,record,E2
0,0.5615942028985508,0.8062418725617685,0.6620395088093967,0.1,0.5840014433628954,0.6734768494858022,0.6255558515927845,01-02-0011,record,E2
1,0.5588768115942029,0.8023407022106632,0.6588360918312867,0.2,0.5840014433628954,0.6734768494858022,0.6255558515927845,01-02-0011,record,E2
2,0.5538949275362319,0.7951885565669701,0.6529631607047517,0.3,0.5840014433628954,0.6734768494858022,0.6255558515927845,01-02-0011,record,E2
3,0.532608695652174,0.764629388816645,0.6278697277095568,0.4,0.5840014433628954,0.6734768494858022,0.6255558515927845,01-02-0011,record,E2
4,0.4832427536231884,0.6937581274382315,0.5696743192738922,0.5,0.5840014433628954,0.6734768494858022,0.6255558515927845,01-02-0011,record,E2
5,0.4107789855072464,0.5897269180754227,0.4842498665242926,0.6,0.5840014433628954,0.6734768494858022,0.6255558515927845,01-02-0011,record,E2
6,0.31431159420289856,0.45123537061118335,0.37052856380138816,0.7,0.5840014433628954,0.6734768494858022,0.6255558515927845,01-02-0011,record,E2
7,0.19791666666666666,0.28413524057217165,0.23331553657234383,0.8,0.5840014433628954,0.6734768494858022,0.6255558515927845,01-02-0011,record,E2
8,0.07246376811594203,0.10403120936280884,0.08542445274959957,0.9,0.5840014433628954,0.6734768494858022,0.6255558515927845,01-02-0011,record,E2
0,0.3219047619047619,0.7065217391304348,0.4422925935618948,0.1,0.3469833870191354,0.5339673588377261,0.420631467987384,01-02-0012,record,E2
1,0.31847619047619047,0.6989966555183946,0.4375817848730698,0.2,0.3469833870191354,0.5339673588377261,0.420631467987384,01-02-0012,record,E2
2,0.30514285714285716,0.669732441471572,0.4192619733054175,0.3,0.3469833870191354,0.5339673588377261,0.420631467987384,01-02-0012,record,E2
3,0.28114285714285714,0.617056856187291,0.38628631248364304,0.4,0.3469833870191354,0.5339673588377261,0.420631467987384,01-02-0012,record,E2
4,0.24076190476190476,0.5284280936454849,0.3308034545930385,0.5,0.3469833870191354,0.5339673588377261,0.420631467987384,01-02-0012,record,E2
5,0.1961904761904762,0.4306020066889632,0.2695629416383146,0.6,0.3469833870191354,0.5339673588377261,0.420631467987384,01-02-0012,record,E2
6,0.14323809523809525,0.31438127090301005,0.196807118555352,0.7,0.3469833870191354,0.5339673588377261,0.420631467987384,01-02-0012,record,E2
7,0.08952380952380952,0.19648829431438128,0.123004449097095,0.8,0.3469833870191354,0.5339673588377261,0.420631467987384,01-02-0012,record,E2
8,0.030857142857142857,0.0677257525083612,0.04239727819942423,0.9,0.3469833870191354,0.5339673588377261,0.420631467987384,01-02-0012,record,E2
0,0.36795707167497127,0.6708595387840671,0.4752475247524752,0.1,0.40862115358423,0.42859158781953344,0.41836818856260977,01-02-0013,record,E2
1,0.36182445381372175,0.6596785464709993,0.4673267326732673,0.2,0.40862115358423,0.42859158781953344,0.41836818856260977,01-02-0013,record,E2
2,0.33767727098505174,0.6156533892382949,0.43613861386138614,0.3,0.40862115358423,0.42859158781953344,0.41836818856260977,01-02-0013,record,E2
3,0.29053277117669607,0.5296995108315863,0.37524752475247525,0.4,0.40862115358423,0.42859158781953344,0.41836818856260977,01-02-0013,record,E2
4,0.22882330394787276,0.4171907756813417,0.2955445544554456,0.5,0.40862115358423,0.42859158781953344,0.41836818856260977,01-02-0013,record,E2
5,0.16519739363740896,0.30118798043326345,0.21336633663366336,0.6,0.40862115358423,0.42859158781953344,0.41836818856260977,01-02-0013,record,E2
6,0.10617094672288233,0.19357092941998602,0.13712871287128714,0.7,0.40862115358423,0.42859158781953344,0.41836818856260977,01-02-0013,record,E2
7,0.06400919892679187,0.116701607267645,0.08267326732673266,0.8,0.40862115358423,0.42859158781953344,0.41836818856260977,01-02-0013,record,E2
8,0.020314296665389038,0.037037037037037035,0.026237623762376237,0.9,0.40862115358423,0.42859158781953344,0.41836818856260977,01-02-0013,record,E2
0,0.4247954688483323,0.8364312267657993,0.5634390651085143,0.1,0.45079144739036614,0.6735748216250618,0.540111842792934,01-02-0014,record,E2
1,0.42353681560730017,0.8339529120198265,0.5617696160267112,0.2,0.45079144739036614,0.6735748216250618,0.540111842792934,01-02-0014,record,E2
2,0.41378225298930144,0.8147459727385378,0.5488313856427379,0.3,0.45079144739036614,0.6735748216250618,0.540111842792934,01-02-0014,record,E2
3,0.3904971680302077,0.7688971499380421,0.5179465776293823,0.4,0.45079144739036614,0.6735748216250618,0.540111842792934,01-02-0014,record,E2
4,0.3477029578351164,0.684634448574969,0.4611853088480801,0.5,0.45079144739036614,0.6735748216250618,0.540111842792934,01-02-0014,record,E2
5,0.28099433606041535,0.5532837670384139,0.3727045075125208,0.6,0.45079144739036614,0.6735748216250618,0.540111842792934,01-02-0014,record,E2
6,0.21900566393958465,0.4312267657992565,0.29048414023372293,0.7,0.45079144739036614,0.6735748216250618,0.540111842792934,01-02-0014,record,E2
7,0.14191315292636877,0.27942998760842624,0.18823038397328878,0.8,0.45079144739036614,0.6735748216250618,0.540111842792934,01-02-0014,record,E2
8,0.056954059156702326,0.11214374225526642,0.07554257095158598,0.9,0.45079144739036614,0.6735748216250618,0.540111842792934,01-02-0014,record,E2
0,0.34216177523264135,0.8026868178001679,0.4797992471769134,0.1,0.3643475921442023,0.5894383151444006,0.45033257295846,01-02-0017,record,E2
1,0.3418038654259127,0.8018471872376155,0.479297365119197,0.2,0.3643475921442023,0.5894383151444006,0.45033257295846,01-02-0017,record,E2
2,0.3364352183249821,0.7892527287993283,0.47176913425345035,0.3,0.3643475921442023,0.5894383151444006,0.45033257295846,01-02-0017,record,E2
3,0.3174659985683608,0.744752308984047,0.44516938519447935,0.4,0.3643475921442023,0.5894383151444006,0.45033257295846,01-02-0017,record,E2
4,0.28561202576950606,0.6700251889168766,0.4005018820577164,0.5,0.3643475921442023,0.5894383151444006,0.45033257295846,01-02-0017,record,E2
5,0.2290622763063708,0.5373635600335852,0.3212045169385195,0.6,0.3643475921442023,0.5894383151444006,0.45033257295846,01-02-0017,record,E2
6,0.164638511095204,0.38623005877413935,0.23086574654956082,0.7,0.3643475921442023,0.5894383151444006,0.45033257295846,01-02-0017,record,E2
7,0.09556191839656407,0.22418136020151133,0.1340025094102886,0.8,0.3643475921442023,0.5894383151444006,0.45033257295846,01-02-0017,record,E2
8,0.03507516105941303,0.08228379513014274,0.04918444165621079,0.9,0.3643475921442023,0.5894383151444006,0.45033257295846,01-02-0017,record,E2
0,0.4433681073025335,0.7083333333333334,0.5453712190650778,0.1,0.4171248794946209,0.5909526661254015,0.4890517812158419,01-02-0018,record,E2
1,0.44113263785394935,0.7047619047619048,0.5426214482126489,0.2,0.4171248794946209,0.5909526661254015,0.4890517812158419,01-02-0018,record,E2
2,0.42921013412816694,0.6857142857142857,0.5279560036663612,0.3,0.4171248794946209,0.5909526661254015,0.4890517812158419,01-02-0018,record,E2
3,0.4090909090909091,0.6535714285714286,0.5032080659945005,0.4,0.4171248794946209,0.5909526661254015,0.4890517812158419,01-02-0018,record,E2
4,0.36922503725782413,0.5898809523809524,0.4541704857928506,0.5,0.4171248794946209,0.5909526661254015,0.4890517812158419,01-02-0018,record,E2
5,0.30178837555886734,0.48214285714285715,0.3712190650779102,0.6,0.4171248794946209,0.5909526661254015,0.4890517812158419,01-02-0018,record,E2
6,0.22578241430700446,0.3607142857142857,0.2777268560953254,0.7,0.4171248794946209,0.5909526661254015,0.4890517812158419,01-02-0018,record,E2
7,0.13450074515648286,0.2148809523809524,0.16544454628780933,0.8,0.4171248794946209,0.5909526661254015,0.4890517812158419,01-02-0018,record,E2
8,0.040611028315946346,0.06488095238095239,0.04995417048579285,0.9,0.4171248794946209,0.5909526661254015,0.4890517812158419,01-02-0018,record,E2
0,0.4533333333333333,0.5463137996219282,0.49549935705100734,0.1,0.444896939149044,0.4469705006612774,0.4459313094251089,01-02-0019,record,E2
1,0.4533333333333333,0.5463137996219282,0.49549935705100734,0.2,0.444896939149044,0.4469705006612774,0.4459313094251089,01-02-0019,record,E2
2,0.4470588235294118,0.5387523629489603,0.48864123446206603,0.3,0.444896939149044,0.4469705006612774,0.4459313094251089,01-02-0019,record,E2
3,0.43058823529411766,0.5189035916824196,0.4706386626660951,0.4,0.444896939149044,0.4469705006612774,0.4459313094251089,01-02-0019,record,E2
4,0.38901960784313727,0.46880907372400754,0.42520360051435924,0.5,0.444896939149044,0.4469705006612774,0.4459313094251089,01-02-0019,record,E2
5,0.3247058823529412,0.391304347826087,0.35490784397771113,0.6,0.444896939149044,0.4469705006612774,0.4459313094251089,01-02-0019,record,E2
6,0.23294117647058823,0.28071833648393196,0.254607801114445,0.7,0.444896939149044,0.4469705006612774,0.4459313094251089,01-02-0019,record,E2
7,0.1396078431372549,0.16824196597353497,0.15259322760394345,0.8,0.444896939149044,0.4469705006612774,0.4459313094251089,01-02-0019,record,E2
8,0.04627450980392157,0.055765595463137994,0.050578654093441915,0.9,0.444896939149044,0.4469705006612774,0.4459313094251089,01-02-0019,record,E2
0,0.34894259818731116,0.8884615384615384,0.5010845986984815,0.1,0.2982046025335703,0.8487195254453573,0.4413405605022954,01-02-0001,record,intersection
1,0.34818731117824775,0.8865384615384615,0.5,0.2,0.2982046025335703,0.8487195254453573,0.4413405605022954,01-02-0001,record,intersection
2,0.3455438066465257,0.8798076923076923,0.49620390455531455,0.3,0.2982046025335703,0.8487195254453573,0.4413405605022954,01-02-0001,record,intersection
3,0.3387462235649547,0.8625,0.48644251626898044,0.4,0.2982046025335703,0.8487195254453573,0.4413405605022954,01-02-0001,record,intersection
4,0.3164652567975831,0.8057692307692308,0.45444685466377444,0.5,0.2982046025335703,0.8487195254453573,0.4413405605022954,01-02-0001,record,intersection
5,0.27870090634441086,0.7096153846153846,0.40021691973969625,0.6,0.2982046025335703,0.8487195254453573,0.4413405605022954,01-02-0001,record,intersection
6,0.20959214501510573,0.5336538461538461,0.3009761388286334,0.7,0.2982046025335703,0.8487195254453573,0.4413405605022954,01-02-0001,record,intersection
7,0.11442598187311179,0.29134615384615387,0.16431670281995664,0.8,0.2982046025335703,0.8487195254453573,0.4413405605022954,01-02-0001,record,intersection
8,0.03625377643504532,0.09230769230769231,0.05206073752711497,0.9,0.2982046025335703,0.8487195254453573,0.4413405605022954,01-02-0001,record,intersection
0,0.4073170731707317,0.8890860692102928,0.5586841371619737,0.1,0.33545059966481616,0.8650490845706472,0.4834340866045715,01-02-0002,record,intersection
1,0.40691056910569107,0.8881987577639752,0.5581265681628101,0.2,0.33545059966481616,0.8650490845706472,0.4834340866045715,01-02-0002,record,intersection
2,0.4040650406504065,0.8819875776397516,0.5542235851686647,0.3,0.33545059966481616,0.8650490845706472,0.4834340866045715,01-02-0002,record,intersection
3,0.39634146341463417,0.865128660159716,0.5436297741845554,0.4,0.33545059966481616,0.8650490845706472,0.4834340866045715,01-02-0002,record,intersection
4,0.37398373983739835,0.8163265306122449,0.5129634792305547,0.5,0.33545059966481616,0.8650490845706472,0.4834340866045715,01-02-0002,record,intersection
5,0.31422764227642275,0.6858917480035492,0.4310008363534987,0.6,0.33545059966481616,0.8650490845706472,0.4834340866045715,01-02-0002,record,intersection
6,0.22398373983739836,0.4889086069210293,0.30722051853916926,0.7,0.33545059966481616,0.8650490845706472,0.4834340866045715,01-02-0002,record,intersection
7,0.11463414634146342,0.2502218278615794,0.15723445776414832,0.8,0.33545059966481616,0.8650490845706472,0.4834340866045715,01-02-0002,record,intersection
8,0.02804878048780488,0.061224489795918366,0.038472260942291614,0.9,0.33545059966481616,0.8650490845706472,0.4834340866045715,01-02-0002,record,intersection
0,0.09953488372093024,0.7867647058823529,0.17671345995045418,0.1,0.07464807768708095,0.7725500169549,0.13614141497137267,01-02-0003,record,intersection
1,0.09953488372093024,0.7867647058823529,0.17671345995045418,0.2,0.07464807768708095,0.7725500169549,0.13614141497137267,01-02-0003,record,intersection
2,0.09953488372093024,0.7867647058823529,0.17671345995045418,0.3,0.07464807768708095,0.7725500169549,0.13614141497137267,01-02-0003,record,intersection
3,0.09767441860465116,0.7720588235294118,0.17341040462427745,0.4,0.07464807768708095,0.7725500169549,0.13614141497137267,01-02-0003,record,intersection
4,0.09023255813953489,0.7132352941176471,0.1601981833195706,0.5,0.07464807768708095,0.7725500169549,0.13614141497137267,01-02-0003,record,intersection
5,0.07348837209302325,0.5808823529411765,0.13047068538398016,0.6,0.07464807768708095,0.7725500169549,0.13614141497137267,01-02-0003,record,intersection
6,0.05674418604651163,0.4485294117647059,0.10074318744838977,0.7,0.07464807768708095,0.7725500169549,0.13614141497137267,01-02-0003,record,intersection
7,0.026046511627906978,0.20588235294117646,0.046242774566473986,0.8,0.07464807768708095,0.7725500169549,0.13614141497137267,01-02-0003,record,intersection
8,0.0065116279069767444,0.051470588235294115,0.011560693641618497,0.9,0.07464807768708095,0.7725500169549,0.13614141497137267,01-02-0003,record,intersection
0,0.2277992277992278,0.7065868263473054,0.3445255474452555,0.1,0.18036297037791832,0.6813056379821959,0.2852194159319676,01-02-0005,record,intersection
1,0.2277992277992278,0.7065868263473054,0.3445255474452555,0.2,0.18036297037791832,0.6813056379821959,0.2852194159319676,01-02-0005,record,intersection
2,0.22683397683397682,0.7035928143712575,0.3430656934306569,0.3,0.18036297037791832,0.6813056379821959,0.2852194159319676,01-02-0005,record,intersection
3,0.22586872586872586,0.7005988023952096,0.3416058394160584,0.4,0.18036297037791832,0.6813056379821959,0.2852194159319676,01-02-0005,record,intersection
4,0.222007722007722,0.688622754491018,0.3357664233576642,0.5,0.18036297037791832,0.6813056379821959,0.2852194159319676,01-02-0005,record,intersection
5,0.20173745173745175,0.625748502994012,0.3051094890510949,0.6,0.18036297037791832,0.6813056379821959,0.2852194159319676,01-02-0005,record,intersection
6,0.16216216216216217,0.5029940119760479,0.24525547445255477,0.7,0.18036297037791832,0.6813056379821959,0.2852194159319676,01-02-0005,record,intersection
7,0.09942084942084942,0.3083832335329341,0.1503649635036496,0.8,0.18036297037791832,0.6813056379821959,0.2852194159319676,01-02-0005,record,intersection
8,0.032818532818532815,0.10179640718562874,0.049635036496350364,0.9,0.18036297037791832,0.6813056379821959,0.2852194159319676,01-02-0005,record,intersection
0,0.09657794676806084,0.9071428571428571,0.17457044673539518,0.1,0.08280520171709886,0.8761160300818731,0.15130953866234154,01-02-0006,record,intersection
1,0.09657794676806084,0.9071428571428571,0.17457044673539518,0.2,0.08280520171709886,0.8761160300818731,0.15130953866234154,01-02-0006,record,intersection
2,0.09657794676806084,0.9071428571428571,0.17457044673539518,0.3,0.08280520171709886,0.8761160300818731,0.15130953866234154,01-02-0006,record,intersection
3,0.09581749049429658,0.9,0.17319587628865982,0.4,0.08280520171709886,0.8761160300818731,0.15130953866234154,01-02-0006,record,intersection
4,0.09201520912547528,0.8642857142857143,0.1663230240549828,0.5,0.08280520171709886,0.8761160300818731,0.15130953866234154,01-02-0006,record,intersection
5,0.07452471482889733,0.7,0.13470790378006872,0.6,0.08280520171709886,0.8761160300818731,0.15130953866234154,01-02-0006,record,intersection
6,0.05171102661596958,0.4857142857142857,0.09347079037800687,0.7,0.08280520171709886,0.8761160300818731,0.15130953866234154,01-02-0006,record,intersection
7,0.026615969581749048,0.25,0.04810996563573883,0.8,0.08280520171709886,0.8761160300818731,0.15130953866234154,01-02-0006,record,intersection
8,0.011406844106463879,0.10714285714285714,0.020618556701030927,0.9,0.08280520171709886,0.8761160300818731,0.15130953866234154,01-02-0006,record,intersection
0,0.24119827053736875,0.9286563614744352,0.3829369943613631,0.1,0.19592691600830608,0.8865746115920272,0.32093040985457216,01-02-0007,record,intersection
1,0.23934527486102533,0.9215219976218787,0.37999509683746013,0.2,0.19592691600830608,0.8865746115920272,0.32093040985457216,01-02-0007,record,intersection
2,0.23008029647930822,0.8858501783590963,0.36528560921794556,0.3,0.19592691600830608,0.8865746115920272,0.32093040985457216,01-02-0007,record,intersection
3,0.2112415071031501,0.8133174791914387,0.3353763177249326,0.4,0.19592691600830608,0.8865746115920272,0.32093040985457216,01-02-0007,record,intersection
4,0.1778875849289685,0.6848989298454221,0.2824221622946801,0.5,0.19592691600830608,0.8865746115920272,0.32093040985457216,01-02-0007,record,intersection
5,0.13248919085855465,0.5101070154577884,0.21034567295905857,0.6,0.19592691600830608,0.8865746115920272,0.32093040985457216,01-02-0007,record,intersection
6,0.0849289684990735,0.3269916765755054,0.13483696984555038,0.7,0.19592691600830608,0.8865746115920272,0.32093040985457216,01-02-0007,record,intersection
7,0.045398394070413836,0.17479191438763378,0.07207648933562148,0.8,0.19592691600830608,0.8865746115920272,0.32093040985457216,01-02-0007,record,intersection
8,0.01019147621988882,0.039239001189060645,0.016180436381466046,0.9,0.19592691600830608,0.8865746115920272,0.32093040985457216,01-02-0007,record,intersection
0,0.3750701852891634,0.8445006321112516,0.5194401244167963,0.1,0.33552603787754337,0.7796263578065699,0.46914653794787153,01-02-0009,record,intersection
1,0.3728242560359349,0.8394437420986094,0.5163297045101088,0.2,0.33552603787754337,0.7796263578065699,0.46914653794787153,01-02-0009,record,intersection
2,0.37057832678270636,0.8343868520859671,0.5132192846034215,0.3,0.33552603787754337,0.7796263578065699,0.46914653794787153,01-02-0009,record,intersection
3,0.36327905670971367,0.8179519595448799,0.5031104199066874,0.4,0.33552603787754337,0.7796263578065699,0.46914653794787153,01-02-0009,record,intersection
4,0.3419427288040427,0.7699115044247787,0.47356143079315705,0.5,0.33552603787754337,0.7796263578065699,0.46914653794787153,01-02-0009,record,intersection
5,0.3026389668725435,0.6814159292035398,0.4191290824261275,0.6,0.33552603787754337,0.7796263578065699,0.46914653794787153,01-02-0009,record,intersection
6,0.2313307130825379,0.5208596713021492,0.32037325038880243,0.7,0.33552603787754337,0.7796263578065699,0.46914653794787153,01-02-0009,record,intersection
7,0.13194834362717575,0.2970922882427307,0.1827371695178849,0.8,0.33552603787754337,0.7796263578065699,0.46914653794787153,01-02-0009,record,intersection
8,0.04267265581134194,0.09608091024020228,0.05909797822706066,0.9,0.33552603787754337,0.7796263578065699,0.46914653794787153,01-02-0009,record,intersection
0,0.3492489270386266,0.8346153846153846,0.4924357034795763,0.1,0.310276020959082,0.7848947351858262,0.4447416330992081,01-02-0010,record,intersection
1,0.3487124463519313,0.8333333333333334,0.49167927382753396,0.2,0.310276020959082,0.7848947351858262,0.4447416330992081,01-02-0010,record,intersection
2,0.34763948497854075,0.8307692307692308,0.4901664145234493,0.3,0.310276020959082,0.7848947351858262,0.4447416330992081,01-02-0010,record,intersection
3,0.3417381974248927,0.8166666666666667,0.4818456883509833,0.4,0.310276020959082,0.7848947351858262,0.4447416330992081,01-02-0010,record,intersection
4,0.3186695278969957,0.7615384615384615,0.4493192133131618,0.5,0.310276020959082,0.7848947351858262,0.4447416330992081,01-02-0010,record,intersection
5,0.286480686695279,0.6846153846153846,0.4039334341906203,0.6,0.310276020959082,0.7848947351858262,0.4447416330992081,01-02-0010,record,intersection
6,0.22746781115879827,0.5435897435897435,0.32072617246596064,0.7,0.310276020959082,0.7848947351858262,0.4447416330992081,01-02-0010,record,intersection
7,0.1378755364806867,0.3294871794871795,0.19440242057488655,0.8,0.310276020959082,0.7848947351858262,0.4447416330992081,01-02-0010,record,intersection
8,0.039163090128755365,0.09358974358974359,0.05521936459909229,0.9,0.310276020959082,0.7848947351858262,0.4447416330992081,01-02-0010,record,intersection
0,0.2644927536231884,0.9765886287625418,0.4162508909479686,0.1,0.2305982423903771,0.9532450417442054,0.37136103087199857,01-02-0011,record,intersection
1,0.26358695652173914,0.9732441471571907,0.4148253741981468,0.2,0.2305982423903771,0.9532450417442054,0.37136103087199857,01-02-0011,record,intersection
2,0.2608695652173913,0.9632107023411371,0.41054882394868136,0.3,0.2305982423903771,0.9532450417442054,0.37136103087199857,01-02-0011,record,intersection
3,0.25271739130434784,0.9331103678929766,0.3977191732002851,0.4,0.2305982423903771,0.9532450417442054,0.37136103087199857,01-02-0011,record,intersection
4,0.23278985507246377,0.8595317725752508,0.3663578047042053,0.5,0.2305982423903771,0.9532450417442054,0.37136103087199857,01-02-0011,record,intersection
5,0.1947463768115942,0.7190635451505016,0.30648610121168923,0.6,0.2305982423903771,0.9532450417442054,0.37136103087199857,01-02-0011,record,intersection
6,0.14130434782608695,0.5217391304347826,0.22238061297220243,0.7,0.2305982423903771,0.9532450417442054,0.37136103087199857,01-02-0011,record,intersection
7,0.07835144927536232,0.28929765886287623,0.1233071988595866,0.8,0.2305982423903771,0.9532450417442054,0.37136103087199857,01-02-0011,record,intersection
8,0.019021739130434784,0.07023411371237458,0.02993585174625802,0.9,0.2305982423903771,0.9532450417442054,0.37136103087199857,01-02-0011,record,intersection
0,0.2099047619047619,0.8361153262518968,0.33556638246041415,0.1,0.18311718112445158,0.7781916297621492,0.2964713440736318,01-02-0012,record,intersection
1,0.20761904761904762,0.8270106221547799,0.3319123020706456,0.2,0.18311718112445158,0.7781916297621492,0.2964713440736318,01-02-0012,record,intersection
2,0.20495238095238094,0.8163884673748103,0.3276492082825822,0.3,0.18311718112445158,0.7781916297621492,0.2964713440736318,01-02-0012,record,intersection
3,0.19657142857142856,0.7830045523520486,0.31425091352009743,0.4,0.18311718112445158,0.7781916297621492,0.2964713440736318,01-02-0012,record,intersection
4,0.17676190476190476,0.7040971168437026,0.28258221680876977,0.5,0.18311718112445158,0.7781916297621492,0.2964713440736318,01-02-0012,record,intersection
5,0.13866666666666666,0.5523520485584219,0.22168087697929353,0.6,0.18311718112445158,0.7781916297621492,0.2964713440736318,01-02-0012,record,intersection
6,0.09638095238095239,0.38391502276176026,0.1540803897685749,0.7,0.18311718112445158,0.7781916297621492,0.2964713440736318,01-02-0012,record,intersection
7,0.056,0.22306525037936267,0.08952496954933008,0.8,0.18311718112445158,0.7781916297621492,0.2964713440736318,01-02-0012,record,intersection
8,0.013714285714285714,0.054628224582701064,0.02192448233861145,0.9,0.18311718112445158,0.7781916297621492,0.2964713440736318,01-02-0012,record,intersection
0,0.22115753162131085,0.8689759036144579,0.35258172930033604,0.1,0.20001860298245672,0.7916978948890905,0.3193539832396309,01-02-0013,record,intersection
1,0.22000766577232655,0.8644578313253012,0.3507485487320501,0.2,0.20001860298245672,0.7916978948890905,0.3193539832396309,01-02-0013,record,intersection
2,0.2161747796090456,0.8493975903614458,0.34463794683776355,0.3,0.20001860298245672,0.7916978948890905,0.3193539832396309,01-02-0013,record,intersection
3,0.20505940973553086,0.8057228915662651,0.3269172013443324,0.4,0.20001860298245672,0.7916978948890905,0.3193539832396309,01-02-0013,record,intersection
4,0.18742813338443848,0.7364457831325302,0.2988084326306141,0.5,0.20001860298245672,0.7916978948890905,0.3193539832396309,01-02-0013,record,intersection
5,0.15944806439248754,0.6265060240963856,0.25420103880232203,0.6,0.20001860298245672,0.7916978948890905,0.3193539832396309,01-02-0013,record,intersection
6,0.11498658489842851,0.45180722891566266,0.18331805682859761,0.7,0.20001860298245672,0.7916978948890905,0.3193539832396309,01-02-0013,record,intersection
7,0.062476044461479495,0.24548192771084337,0.09960281087687138,0.8,0.20001860298245672,0.7916978948890905,0.3193539832396309,01-02-0013,record,intersection
8,0.01686469911843618,0.06626506024096386,0.026886648334860982,0.9,0.20001860298245672,0.7916978948890905,0.3193539832396309,01-02-0013,record,intersection
0,0.2039018250471995,0.9432314410480349,0.3353169469598965,0.1,0.16463619592075518,0.9183991869976884,0.2792184832901249,01-02-0014,record,intersection
1,0.20295783511642543,0.9388646288209607,0.333764553686934,0.2,0.16463619592075518,0.9183991869976884,0.2792184832901249,01-02-0014,record,intersection
2,0.19792322215229705,0.9155749636098981,0.3254851228978008,0.3,0.16463619592075518,0.9183991869976884,0.2792184832901249,01-02-0014,record,intersection
3,0.18124606670862178,0.8384279475982532,0.2980595084087969,0.4,0.16463619592075518,0.9183991869976884,0.2792184832901249,01-02-0014,record,intersection
4,0.14663310258023915,0.6783114992721979,0.2411384217335058,0.5,0.16463619592075518,0.9183991869976884,0.2792184832901249,01-02-0014,record,intersection
5,0.11327879169288861,0.5240174672489083,0.18628719275549807,0.6,0.16463619592075518,0.9183991869976884,0.2792184832901249,01-02-0014,record,intersection
6,0.0711139081183134,0.3289665211062591,0.11694695989650711,0.7,0.16463619592075518,0.9183991869976884,0.2792184832901249,01-02-0014,record,intersection
7,0.039647577092511016,0.18340611353711792,0.06520051746442433,0.8,0.16463619592075518,0.9183991869976884,0.2792184832901249,01-02-0014,record,intersection
8,0.008181246066708621,0.03784570596797671,0.013454075032341525,0.9,0.16463619592075518,0.9183991869976884,0.2792184832901249,01-02-0014,record,intersection
0,0.15926986399427345,0.978021978021978,0.2739304401354263,0.1,0.13630347054075867,0.9608557123350022,0.23874013967033272,01-02-0017,record,intersection
1,0.15926986399427345,0.978021978021978,0.2739304401354263,0.2,0.13630347054075867,0.9608557123350022,0.23874013967033272,01-02-0017,record,intersection
2,0.15855404438081602,0.9736263736263736,0.27269929208987376,0.3,0.13630347054075867,0.9608557123350022,0.23874013967033272,01-02-0017,record,intersection
3,0.15390121689334288,0.945054945054945,0.26469682979378273,0.4,0.13630347054075867,0.9608557123350022,0.23874013967033272,01-02-0017,record,intersection
4,0.14209019327129563,0.8725274725274725,0.2443828870421668,0.5,0.13630347054075867,0.9608557123350022,0.23874013967033272,01-02-0017,record,intersection
5,0.1148890479599141,0.7054945054945055,0.1975992613111727,0.6,0.13630347054075867,0.9608557123350022,0.23874013967033272,01-02-0017,record,intersection
6,0.07659269863994274,0.4703296703296703,0.1317328408741151,0.7,0.13630347054075867,0.9608557123350022,0.23874013967033272,01-02-0017,record,intersection
7,0.03901216893342878,0.23956043956043957,0.06709756848261003,0.8,0.13630347054075867,0.9608557123350022,0.23874013967033272,01-02-0017,record,intersection
8,0.012168933428775949,0.07472527472527472,0.02092951677439212,0.9,0.13630347054075867,0.9608557123350022,0.23874013967033272,01-02-0017,record,intersection
0,0.3319672131147541,0.8445497630331753,0.47659802086119274,0.1,0.28026418454824475,0.7897514606805053,0.4137117996552072,01-02-0018,record,intersection
1,0.3297317436661699,0.8388625592417062,0.4733886065792994,0.2,0.28026418454824475,0.7897514606805053,0.4137117996552072,01-02-0018,record,intersection
2,0.3260059612518629,0.8293838862559242,0.4680395827761433,0.3,0.28026418454824475,0.7897514606805053,0.4137117996552072,01-02-0018,record,intersection
3,0.3125931445603577,0.795260663507109,0.44878309708478203,0.4,0.28026418454824475,0.7897514606805053,0.4137117996552072,01-02-0018,record,intersection
4,0.28837555886736216,0.7336492890995261,0.4140144423642685,0.5,0.28026418454824475,0.7897514606805053,0.4137117996552072,01-02-0018,record,intersection
5,0.2410581222056632,0.6132701421800948,0.34608184006418835,0.6,0.28026418454824475,0.7897514606805053,0.4137117996552072,01-02-0018,record,intersection
6,0.18070044709388972,0.4597156398104265,0.25942765445306226,0.7,0.28026418454824475,0.7897514606805053,0.4137117996552072,01-02-0018,record,intersection
7,0.10394932935916543,0.26445497630331755,0.14923776410805029,0.8,0.28026418454824475,0.7897514606805053,0.4137117996552072,01-02-0018,record,intersection
8,0.029433681073025336,0.07488151658767772,0.0422572880449318,0.9,0.28026418454824475,0.7897514606805053,0.4137117996552072,01-02-0018,record,intersection
0,0.2227450980392157,0.9102564102564102,0.3579080025204789,0.1,0.18731872835299748,0.8839465160700939,0.3091292995535986,01-02-0019,record,intersection
1,0.2227450980392157,0.9102564102564102,0.3579080025204789,0.2,0.18731872835299748,0.8839465160700939,0.3091292995535986,01-02-0019,record,intersection
2,0.2211764705882353,0.9038461538461539,0.35538752362948967,0.3,0.18731872835299748,0.8839465160700939,0.3091292995535986,01-02-0019,record,intersection
3,0.2188235294117647,0.8942307692307693,0.35160680529300564,0.4,0.18731872835299748,0.8839465160700939,0.3091292995535986,01-02-0019,record,intersection
4,0.21098039215686273,0.8621794871794872,0.3390044108380592,0.5,0.18731872835299748,0.8839465160700939,0.3091292995535986,01-02-0019,record,intersection
5,0.19137254901960785,0.782051282051282,0.3074984247006931,0.6,0.18731872835299748,0.8839465160700939,0.3091292995535986,01-02-0019,record,intersection
6,0.15137254901960784,0.6185897435897436,0.24322621298046626,0.7,0.18731872835299748,0.8839465160700939,0.3091292995535986,01-02-0019,record,intersection
7,0.09098039215686274,0.3717948717948718,0.1461877756773787,0.8,0.18731872835299748,0.8839465160700939,0.3091292995535986,01-02-0019,record,intersection
8,0.02196078431372549,0.08974358974358974,0.03528670447385003,0.9,0.18731872835299748,0.8839465160700939,0.3091292995535986,01-02-0019,record,intersection
0,0.5751510574018127,0.622140522875817,0.5977237048665619,0.1,0.5836893695965066,0.48155876948562376,0.5277281870249049,01-02-0001,record,union
1,0.572129909365559,0.6188725490196079,0.5945839874411303,0.2,0.5836893695965066,0.48155876948562376,0.5277281870249049,01-02-0001,record,union
2,0.5619335347432024,0.6078431372549019,0.5839874411302982,0.3,0.5836893695965066,0.48155876948562376,0.5277281870249049,01-02-0001,record,union
3,0.5313444108761329,0.5747549019607843,0.5521978021978021,0.4,0.5836893695965066,0.48155876948562376,0.5277281870249049,01-02-0001,record,union
4,0.46827794561933533,0.5065359477124183,0.4866562009419152,0.5,0.5836893695965066,0.48155876948562376,0.5277281870249049,01-02-0001,record,union
5,0.3833081570996979,0.414624183006536,0.3983516483516483,0.6,0.5836893695965066,0.48155876948562376,0.5277281870249049,01-02-0001,record,union
6,0.2685045317220544,0.29044117647058826,0.27904238618524335,0.7,0.5836893695965066,0.48155876948562376,0.5277281870249049,01-02-0001,record,union
7,0.15256797583081572,0.1650326797385621,0.15855572998430142,0.8,0.5836893695965066,0.48155876948562376,0.5277281870249049,01-02-0001,record,union
8,0.04833836858006042,0.05228758169934641,0.05023547880690739,0.9,0.5836893695965066,0.48155876948562376,0.5277281870249049,01-02-0001,record,union
0,0.6508130081300812,0.7198741007194245,0.6836037574722459,0.1,0.6590846601026501,0.577453135508035,0.6155743963387091,01-02-0002,record,union
1,0.6487804878048781,0.7176258992805755,0.681468830059778,0.2,0.6590846601026501,0.577453135508035,0.6155743963387091,01-02-0002,record,union
2,0.6430894308943089,0.7113309352517986,0.6754910333048677,0.3,0.6590846601026501,0.577453135508035,0.6155743963387091,01-02-0002,record,union
3,0.6154471544715447,0.6807553956834532,0.6464560204953032,0.4,0.6590846601026501,0.577453135508035,0.6155743963387091,01-02-0002,record,union
4,0.5670731707317073,0.627248201438849,0.5956447480785654,0.5,0.6590846601026501,0.577453135508035,0.6155743963387091,01-02-0002,record,union
5,0.4902439024390244,0.5422661870503597,0.5149444918872758,0.6,0.6590846601026501,0.577453135508035,0.6155743963387091,01-02-0002,record,union
6,0.36829268292682926,0.4073741007194245,0.38684884713919726,0.7,0.6590846601026501,0.577453135508035,0.6155743963387091,01-02-0002,record,union
7,0.21707317073170732,0.24010791366906475,0.22801024765157984,0.8,0.6590846601026501,0.577453135508035,0.6155743963387091,01-02-0002,record,union
8,0.06910569105691057,0.0764388489208633,0.07258753202391117,0.9,0.6590846601026501,0.577453135508035,0.6155743963387091,01-02-0002,record,union
0,0.24186046511627907,0.4269293924466338,0.3087885985748218,0.1,0.21984444562764427,0.3584895579405734,0.272548173347889,01-02-0003,record,union
1,0.24186046511627907,0.4269293924466338,0.3087885985748218,0.2,0.21984444562764427,0.3584895579405734,0.272548173347889,01-02-0003,record,union
2,0.24093023255813953,0.42528735632183906,0.3076009501187648,0.3,0.21984444562764427,0.3584895579405734,0.272548173347889,01-02-0003,record,union
3,0.22790697674418606,0.40229885057471265,0.29097387173396677,0.4,0.21984444562764427,0.3584895579405734,0.272548173347889,01-02-0003,record,union
4,0.20930232558139536,0.3694581280788177,0.2672209026128266,0.5,0.21984444562764427,0.3584895579405734,0.272548173347889,01-02-0003,record,union
5,0.16930232558139535,0.2988505747126437,0.2161520190023753,0.6,0.21984444562764427,0.3584895579405734,0.272548173347889,01-02-0003,record,union
6,0.12093023255813953,0.2134646962233169,0.1543942992874109,0.7,0.21984444562764427,0.3584895579405734,0.272548173347889,01-02-0003,record,union
7,0.07162790697674419,0.12643678160919541,0.09144893111638955,0.8,0.21984444562764427,0.3584895579405734,0.272548173347889,01-02-0003,record,union
8,0.021395348837209303,0.03776683087027915,0.027315914489311168,0.9,0.21984444562764427,0.3584895579405734,0.272548173347889,01-02-0003,record,union
0,0.44015444015444016,0.3784232365145228,0.4069611780455154,0.1,0.39888586139253857,0.31311024274051186,0.3508312704560439,01-02-0005,record,union
1,0.44015444015444016,0.3784232365145228,0.4069611780455154,0.2,0.39888586139253857,0.31311024274051186,0.3508312704560439,01-02-0005,record,union
2,0.4391891891891892,0.3775933609958506,0.40606871932173133,0.3,0.39888586139253857,0.31311024274051186,0.3508312704560439,01-02-0005,record,union
3,0.4198841698841699,0.36099585062240663,0.3882195448460509,0.4,0.39888586139253857,0.31311024274051186,0.3508312704560439,01-02-0005,record,union
4,0.3764478764478765,0.3236514522821577,0.3480589022757698,0.5,0.39888586139253857,0.31311024274051186,0.3508312704560439,01-02-0005,record,union
5,0.30694980694980695,0.26390041493775934,0.2838018741633199,0.6,0.39888586139253857,0.31311024274051186,0.3508312704560439,01-02-0005,record,union
6,0.22007722007722008,0.1892116182572614,0.2034805890227577,0.7,0.39888586139253857,0.31311024274051186,0.3508312704560439,01-02-0005,record,union
7,0.1303088803088803,0.11203319502074689,0.12048192771084337,0.8,0.39888586139253857,0.31311024274051186,0.3508312704560439,01-02-0005,record,union
8,0.037644787644787646,0.03236514522821577,0.03480589022757698,0.9,0.39888586139253857,0.31311024274051186,0.3508312704560439,01-02-0005,record,union
0,0.35361216730038025,0.5489964580873672,0.43015726179463465,0.1,0.3324533084965581,0.46435470697842746,0.3874867111092066,01-02-0006,record,union
1,0.3520912547528517,0.5466351829988194,0.4283071230342276,0.2,0.3324533084965581,0.46435470697842746,0.3874867111092066,01-02-0006,record,union
2,0.3490494296577947,0.5419126328217237,0.4246068455134135,0.3,0.3324533084965581,0.46435470697842746,0.3874867111092066,01-02-0006,record,union
3,0.3376425855513308,0.5242030696576151,0.41073080481036073,0.4,0.3324533084965581,0.46435470697842746,0.3874867111092066,01-02-0006,record,union
4,0.308745247148289,0.4793388429752066,0.37557816836262725,0.5,0.3324533084965581,0.46435470697842746,0.3874867111092066,01-02-0006,record,union
5,0.26159695817490497,0.40613931523022434,0.3182238667900093,0.6,0.3324533084965581,0.46435470697842746,0.3874867111092066,01-02-0006,record,union
6,0.19391634980988592,0.3010625737898465,0.2358926919518964,0.7,0.3324533084965581,0.46435470697842746,0.3874867111092066,01-02-0006,record,union
7,0.1155893536121673,0.179456906729634,0.14061054579093432,0.8,0.3324533084965581,0.46435470697842746,0.3874867111092066,01-02-0006,record,union
8,0.03193916349809886,0.049586776859504134,0.03885291396854764,0.9,0.3324533084965581,0.46435470697842746,0.3874867111092066,01-02-0006,record,union
0,0.4277331686226066,0.8283492822966507,0.5641547861507129,0.1,0.4656598324462372,0.6859280979226765,0.554728223048528,01-02-0007,record,union
1,0.42402717726991973,0.8211722488038278,0.5592668024439919,0.2,0.4656598324462372,0.6859280979226765,0.554728223048528,01-02-0007,record,union
2,0.41630636195182213,0.80622009569378,0.5490835030549899,0.3,0.4656598324462372,0.6859280979226765,0.554728223048528,01-02-0007,record,union
3,0.39530574428659665,0.7655502392344498,0.5213849287169043,0.4,0.4656598324462372,0.6859280979226765,0.554728223048528,01-02-0007,record,union
4,0.35423100679431746,0.6860047846889952,0.4672097759674134,0.5,0.4656598324462372,0.6859280979226765,0.554728223048528,01-02-0007,record,union
5,0.2909203211859172,0.5633971291866029,0.3837067209775967,0.6,0.4656598324462372,0.6859280979226765,0.554728223048528,01-02-0007,record,union
6,0.22699197035206917,0.4395933014354067,0.29938900203665986,0.7,0.4656598324462372,0.6859280979226765,0.554728223048528,01-02-0007,record,union
7,0.14793082149474984,0.28648325358851673,0.19511201629327904,0.8,0.4656598324462372,0.6859280979226765,0.554728223048528,01-02-0007,record,union
8,0.05836936380481779,0.11303827751196172,0.0769857433808554,0.9,0.4656598324462372,0.6859280979226765,0.554728223048528,01-02-0007,record,union
0,0.5766423357664233,0.6091340450771056,0.5924430343236227,0.1,0.592795287601793,0.4385453813113513,0.5041353323434081,01-02-0009,record,union
1,0.5721504772599663,0.6043890865954923,0.5878280934525526,0.2,0.592795287601793,0.4385453813113513,0.5041353323434081,01-02-0009,record,union
2,0.5547445255474452,0.5860023724792408,0.5699451975771561,0.3,0.592795287601793,0.4385453813113513,0.5041353323434081,01-02-0009,record,union
3,0.501965188096575,0.5302491103202847,0.5157196423420825,0.4,0.592795287601793,0.4385453813113513,0.5041353323434081,01-02-0009,record,union
4,0.43795620437956206,0.4626334519572954,0.4499567349293338,0.5,0.592795287601793,0.4385453813113513,0.5041353323434081,01-02-0009,record,union
5,0.34418865805727117,0.363582443653618,0.35361984424574555,0.6,0.592795287601793,0.4385453813113513,0.5041353323434081,01-02-0009,record,union
6,0.2184166198764739,0.23072360616844603,0.22440149985578312,0.7,0.592795287601793,0.4385453813113513,0.5041353323434081,01-02-0009,record,union
7,0.12071869736103313,0.12752075919335706,0.12402653591000866,0.8,0.592795287601793,0.4385453813113513,0.5041353323434081,01-02-0009,record,union
8,0.035934868051656375,0.03795966785290629,0.03691952696856072,0.9,0.592795287601793,0.4385453813113513,0.5041353323434081,01-02-0009,record,union
0,0.6164163090128756,0.5883256528417818,0.6020434896515587,0.1,0.6321362638893727,0.4223208096953337,0.5063540384739944,01-02-0010,record,union
1,0.6148068669527897,0.5867895545314901,0.6004715745349751,0.2,0.6321362638893727,0.4223208096953337,0.5063540384739944,01-02-0010,record,union
2,0.5976394849785408,0.5704045058883769,0.5837044799580822,0.3,0.6321362638893727,0.4223208096953337,0.5063540384739944,01-02-0010,record,union
3,0.549892703862661,0.5248335893497184,0.537070998166099,0.4,0.6321362638893727,0.4223208096953337,0.5063540384739944,01-02-0010,record,union
4,0.45761802575107297,0.43676395289298514,0.44694786481529997,0.5,0.6321362638893727,0.4223208096953337,0.5063540384739944,01-02-0010,record,union
5,0.351931330472103,0.3358934971838198,0.3437254388263034,0.6,0.6321362638893727,0.4223208096953337,0.5063540384739944,01-02-0010,record,union
6,0.23658798283261803,0.22580645161290322,0.23107152213780457,0.7,0.6321362638893727,0.4223208096953337,0.5063540384739944,01-02-0010,record,union
7,0.13733905579399142,0.13108038914490527,0.13413675661514277,0.8,0.6321362638893727,0.4223208096953337,0.5063540384739944,01-02-0010,record,union
8,0.05042918454935622,0.048131080389144903,0.04925334031962274,0.9,0.6321362638893727,0.4223208096953337,0.5063540384739944,01-02-0010,record,union
0,0.5647644927536232,0.8065976714100905,0.6643580181140117,0.1,0.5910255759000436,0.6744355717241173,0.6299816836480348,01-02-0011,record,union
1,0.5629528985507246,0.8040103492884865,0.662226957911561,0.2,0.5910255759000436,0.6744355717241173,0.6299816836480348,01-02-0011,record,union
2,0.5579710144927537,0.796895213454075,0.6563665423548215,0.3,0.5910255759000436,0.6744355717241173,0.6299816836480348,01-02-0011,record,union
3,0.5384963768115942,0.7690815006468306,0.6334576451784762,0.4,0.5910255759000436,0.6744355717241173,0.6299816836480348,01-02-0011,record,union
4,0.49094202898550726,0.7011642949547219,0.5775173148641449,0.5,0.5910255759000436,0.6744355717241173,0.6299816836480348,01-02-0011,record,union
5,0.4180253623188406,0.5970245795601552,0.49174214171550346,0.6,0.5910255759000436,0.6744355717241173,0.6299816836480348,01-02-0011,record,union
6,0.32065217391304346,0.4579560155239327,0.37719765583377735,0.7,0.5910255759000436,0.6744355717241173,0.6299816836480348,01-02-0011,record,union
7,0.2033514492753623,0.29042690815006467,0.23921150772509323,0.8,0.5910255759000436,0.6744355717241173,0.6299816836480348,01-02-0011,record,union
8,0.07336956521739131,0.10478654592496765,0.08630793819925413,0.9,0.5910255759000436,0.6744355717241173,0.6299816836480348,01-02-0011,record,union
0,0.33295238095238094,0.7014446227929374,0.45156290364246965,0.1,0.3594107731618148,0.5313002915154468,0.42876990334425585,01-02-0012,record,union
1,0.3299047619047619,0.695024077046549,0.44742960475329374,0.2,0.3594107731618148,0.5313002915154468,0.42876990334425585,01-02-0012,record,union
2,0.3177142857142857,0.6693418940609952,0.43089640919659006,0.3,0.3594107731618148,0.5313002915154468,0.42876990334425585,01-02-0012,record,union
3,0.29219047619047617,0.615569823434992,0.3962800309997417,0.4,0.3594107731618148,0.5313002915154468,0.42876990334425585,01-02-0012,record,union
4,0.2510476190476191,0.528892455858748,0.34048049599586677,0.5,0.3594107731618148,0.5313002915154468,0.42876990334425585,01-02-0012,record,union
5,0.20685714285714285,0.43579454253611555,0.2805476621028158,0.6,0.3594107731618148,0.5313002915154468,0.42876990334425585,01-02-0012,record,union
6,0.14742857142857144,0.31059390048154095,0.19994833376388532,0.7,0.3594107731618148,0.5313002915154468,0.42876990334425585,01-02-0012,record,union
7,0.09104761904761904,0.19181380417335472,0.12348230431413072,0.8,0.3594107731618148,0.5313002915154468,0.42876990334425585,01-02-0012,record,union
8,0.03314285714285714,0.06982343499197431,0.04494962541978817,0.9,0.3594107731618148,0.5313002915154468,0.42876990334425585,01-02-0012,record,union
0,0.3779225756995017,0.673037542662116,0.48404516445753554,0.1,0.4200669707368442,0.4325546074472397,0.4262193410952982,01-02-0013,record,union
1,0.3714066692219241,0.6614334470989761,0.475699558173785,0.2,0.4200669707368442,0.4325546074472397,0.4262193410952982,01-02-0013,record,union
2,0.34610962054426986,0.616382252559727,0.443298969072165,0.3,0.4200669707368442,0.4325546074472397,0.4262193410952982,01-02-0013,record,union
3,0.298198543503258,0.5310580204778157,0.3819342169857634,0.4,0.4200669707368442,0.4325546074472397,0.4262193410952982,01-02-0013,record,union
4,0.23802223073974704,0.42389078498293514,0.304860088365243,0.5,0.4200669707368442,0.4325546074472397,0.4262193410952982,01-02-0013,record,union
5,0.17362974319662705,0.30921501706484644,0.22238586156111928,0.6,0.4200669707368442,0.4325546074472397,0.4262193410952982,01-02-0013,record,union
6,0.11268685320045994,0.2006825938566553,0.1443298969072165,0.7,0.4200669707368442,0.4325546074472397,0.4262193410952982,01-02-0013,record,union
7,0.06784208509007282,0.12081911262798635,0.08689248895434462,0.8,0.4200669707368442,0.4325546074472397,0.4262193410952982,01-02-0013,record,union
8,0.02108087389804523,0.03754266211604096,0.027000490918016692,0.9,0.4200669707368442,0.4325546074472397,0.4262193410952982,01-02-0013,record,union
0,0.4314033983637508,0.8364856619890177,0.5692339630475399,0.1,0.4574704474134591,0.6742535690649523,0.5450994719897762,01-02-0014,record,union
1,0.4298300818124607,0.8334350213544844,0.5671579821465643,0.2,0.4574704474134591,0.6742535690649523,0.5450994719897762,01-02-0014,record,union
2,0.4200755191944619,0.8145210494203783,0.5542869005605149,0.3,0.4574704474134591,0.6742535690649523,0.5450994719897762,01-02-0014,record,union
3,0.3971050975456262,0.7699816961561928,0.5239775794062694,0.4,0.4574704474134591,0.6742535690649523,0.5450994719897762,01-02-0014,record,union
4,0.35210824417872877,0.6827333740085418,0.46460452563836413,0.5,0.4574704474134591,0.6742535690649523,0.5450994719897762,01-02-0014,record,union
5,0.2841409691629956,0.5509456985967053,0.3749221507162134,0.6,0.4574704474134591,0.6742535690649523,0.5450994719897762,01-02-0014,record,union
6,0.2208936438011328,0.4283099450884686,0.2914677184969898,0.7,0.4574704474134591,0.6742535690649523,0.5450994719897762,01-02-0014,record,union
7,0.144745122718691,0.2806589383770592,0.19099024288976543,0.8,0.4574704474134591,0.6742535690649523,0.5450994719897762,01-02-0014,record,union
8,0.056954059156702326,0.11043319097010372,0.07515050861532073,0.9,0.4574704474134591,0.6742535690649523,0.5450994719897762,01-02-0014,record,union
0,0.3471725125268432,0.8043117744610282,0.485,0.1,0.370098773972866,0.5923866236866064,0.4555737960855928,01-02-0017,record,union
1,0.34681460272011455,0.8034825870646766,0.48450000000000004,0.2,0.370098773972866,0.5923866236866064,0.4555737960855928,01-02-0017,record,union
2,0.3418038654259127,0.7918739635157546,0.4775,0.3,0.370098773972866,0.5923866236866064,0.4555737960855928,01-02-0017,record,union
3,0.32319255547602005,0.7487562189054726,0.4515,0.4,0.370098773972866,0.5923866236866064,0.4555737960855928,01-02-0017,record,union
4,0.29133858267716534,0.6749585406301825,0.407,0.5,0.370098773972866,0.5923866236866064,0.4555737960855928,01-02-0017,record,union
5,0.23586256263421618,0.5464344941956882,0.32950000000000007,0.6,0.370098773972866,0.5923866236866064,0.4555737960855928,01-02-0017,record,union
6,0.16964924838940587,0.39303482587064675,0.23700000000000002,0.7,0.370098773972866,0.5923866236866064,0.4555737960855928,01-02-0017,record,union
7,0.09914101646385111,0.2296849087893864,0.1385,0.8,0.370098773972866,0.5923866236866064,0.4555737960855928,01-02-0017,record,union
8,0.03686471009305655,0.08540630182421227,0.0515,0.9,0.370098773972866,0.5923866236866064,0.4555737960855928,01-02-0017,record,union
0,0.4742921013412817,0.7115707098937955,0.5691929353901185,0.1,0.45291309745188557,0.5871250844697036,0.5113593812634111,01-02-0018,record,union
1,0.4720566318926975,0.7082168809390721,0.5665101721439749,0.2,0.45291309745188557,0.5871250844697036,0.5113593812634111,01-02-0018,record,union
2,0.45976154992548435,0.6897708216880939,0.5517549742901855,0.3,0.45291309745188557,0.5871250844697036,0.5113593812634111,01-02-0018,record,union
3,0.4396423248882265,0.6595863610955841,0.5276101050748938,0.4,0.45291309745188557,0.5871250844697036,0.5113593812634111,01-02-0018,record,union
4,0.396795827123696,0.5953046394633874,0.4761904761904762,0.5,0.45291309745188557,0.5871250844697036,0.5113593812634111,01-02-0018,record,union
5,0.327123695976155,0.4907769703745109,0.39257768835233625,0.6,0.45291309745188557,0.5871250844697036,0.5113593812634111,01-02-0018,record,union
6,0.2440387481371088,0.3661263275572946,0.2928683210373351,0.7,0.45291309745188557,0.5871250844697036,0.5113593812634111,01-02-0018,record,union
7,0.14940387481371087,0.22414756847400782,0.17929801028392575,0.8,0.45291309745188557,0.5871250844697036,0.5113593812634111,01-02-0018,record,union
8,0.04694485842026826,0.07043040804918949,0.05633802816901408,0.9,0.45291309745188557,0.5871250844697036,0.5113593812634111,01-02-0018,record,union
0,0.4556862745098039,0.5475966069745523,0.49743150684931503,0.1,0.4485470109537352,0.44758285449360063,0.44806441405013886,01-02-0019,record,union
1,0.4549019607843137,0.5466540999057493,0.4965753424657534,0.2,0.4485470109537352,0.44758285449360063,0.44806441405013886,01-02-0019,record,union
2,0.44941176470588234,0.5400565504241281,0.4905821917808219,0.3,0.4485470109537352,0.44758285449360063,0.44806441405013886,01-02-0019,record,union
3,0.4329411764705882,0.5202639019792649,0.47260273972602734,0.4,0.4485470109537352,0.44758285449360063,0.44806441405013886,01-02-0019,record,union
4,0.3905882352941176,0.46936852026390197,0.4263698630136986,0.5,0.4485470109537352,0.44758285449360063,0.44806441405013886,01-02-0019,record,union
5,0.3254901960784314,0.3911404335532517,0.3553082191780822,0.6,0.4485470109537352,0.44758285449360063,0.44806441405013886,01-02-0019,record,union
6,0.23058823529411765,0.2770970782280867,0.25171232876712324,0.7,0.4485470109537352,0.44758285449360063,0.44806441405013886,01-02-0019,record,union
7,0.1380392156862745,0.16588124410933083,0.1506849315068493,0.8,0.4485470109537352,0.44758285449360063,0.44806441405013886,01-02-0019,record,union
8,0.05176470588235294,0.06220546654099906,0.05650684931506849,0.9,0.4485470109537352,0.44758285449360063,0.44806441405013886,01-02-0019,record,union
