,precision,recall,f1,IoU,by_sample_precision,by_sample_recall,by_sample_f1,record,evaluation
0,0.6037503842606824,0.8036006546644845,0.6894856942250307,0.1,0.6653019819376907,0.5174555045865383,0.5821382264553342,01-02-0001,record
1,0.5926836766062097,0.7888707037643208,0.6768474635773214,0.2,0.6653019819376907,0.5174555045865383,0.5821382264553342,01-02-0001,record
2,0.5496464801721488,0.7315875613747954,0.6276987888362296,0.3,0.6653019819376907,0.5174555045865383,0.5821382264553342,01-02-0001,record
3,0.4872425453427605,0.6485270049099836,0.5564332104616465,0.4,0.6653019819376907,0.5174555045865383,0.5821382264553342,01-02-0001,record
4,0.40823854903166307,0.5433715220949263,0.4662102861154994,0.5,0.6653019819376907,0.5174555045865383,0.5821382264553342,01-02-0001,record
5,0.31263449123885645,0.41612111292962356,0.3570300157977883,0.6,0.6653019819376907,0.5174555045865383,0.5821382264553342,01-02-0001,record
6,0.19674146941284967,0.2618657937806874,0.22467965595927683,0.7,0.6653019819376907,0.5174555045865383,0.5821382264553342,01-02-0001,record
7,0.09130033814940056,0.12152209492635024,0.1042654028436019,0.8,0.6653019819376907,0.5174555045865383,0.5821382264553342,01-02-0001,record
8,0.019674146941284967,0.02618657937806874,0.022467965595927678,0.9,0.6653019819376907,0.5174555045865383,0.5821382264553342,01-02-0001,record
0,0.5660547697863376,0.8519021739130435,0.680166335201591,0.1,0.6550270216005488,0.5672806205324604,0.608004273998728,01-02-0002,record
1,0.5570267830273848,0.8383152173913043,0.6693183872717411,0.2,0.6550270216005488,0.5672806205324604,0.608004273998728,01-02-0002,record
2,0.5221185675594342,0.7857789855072463,0.6273729886096546,0.3,0.6550270216005488,0.5672806205324604,0.608004273998728,01-02-0002,record
3,0.4646403851941017,0.6992753623188406,0.5583077201229435,0.4,0.6550270216005488,0.5672806205324604,0.608004273998728,01-02-0002,record
4,0.38639783328317784,0.5815217391304348,0.4642921713975773,0.5,0.6550270216005488,0.5672806205324604,0.608004273998728,01-02-0002,record
5,0.29190490520613904,0.43931159420289856,0.3507503163984813,0.6,0.6550270216005488,0.5672806205324604,0.608004273998728,01-02-0002,record
6,0.19590731266927475,0.29483695652173914,0.23540047007774362,0.7,0.6550270216005488,0.5672806205324604,0.608004273998728,01-02-0002,record
7,0.09328919650917845,0.1403985507246377,0.11209546194178269,0.8,0.6550270216005488,0.5672806205324604,0.608004273998728,01-02-0002,record
8,0.02016250376166115,0.030344202898550724,0.024227083709998192,0.9,0.6550270216005488,0.5672806205324604,0.608004273998728,01-02-0002,record
0,0.38448125544899736,0.7325581395348837,0.5042881646655232,0.1,0.41832650166484353,0.4701154316359682,0.4427115302049708,01-02-0003,record
1,0.3818657367044464,0.7275747508305648,0.5008576329331046,0.2,0.41832650166484353,0.4701154316359682,0.4427115302049708,01-02-0003,record
2,0.3644289450741064,0.6943521594684385,0.4779874213836478,0.3,0.41832650166484353,0.4701154316359682,0.4427115302049708,01-02-0003,record
3,0.3190932868352223,0.6079734219269103,0.41852487135506006,0.4,0.41832650166484353,0.4701154316359682,0.4427115302049708,01-02-0003,record
4,0.25457715780296425,0.4850498338870432,0.33390508862206975,0.5,0.41832650166484353,0.4701154316359682,0.4427115302049708,01-02-0003,record
5,0.17785527462946818,0.3388704318936877,0.2332761578044597,0.6,0.41832650166484353,0.4701154316359682,0.4427115302049708,01-02-0003,record
6,0.12031386224934612,0.2292358803986711,0.15780445969125215,0.7,0.41832650166484353,0.4701154316359682,0.4427115302049708,01-02-0003,record
7,0.06015693112467306,0.11461794019933555,0.07890222984562607,0.8,0.41832650166484353,0.4701154316359682,0.4427115302049708,01-02-0003,record
8,0.018308631211857017,0.03488372093023256,0.02401372212692967,0.9,0.41832650166484353,0.4701154316359682,0.4427115302049708,01-02-0003,record
0,0.4798590130916415,0.7954924874791319,0.5986180904522613,0.1,0.5128952878380283,0.5567827327279259,0.5339386889797756,01-02-0005,record
1,0.47583081570996977,0.7888146911519198,0.5935929648241205,0.2,0.5128952878380283,0.5567827327279259,0.5339386889797756,01-02-0005,record
2,0.4607250755287009,0.7637729549248747,0.574748743718593,0.3,0.5128952878380283,0.5567827327279259,0.5339386889797756,01-02-0005,record
3,0.42245720040281975,0.7003338898163606,0.5270100502512562,0.4,0.5128952878380283,0.5567827327279259,0.5339386889797756,01-02-0005,record
4,0.34843907351460224,0.5776293823038398,0.43467336683417085,0.5,0.5128952878380283,0.5567827327279259,0.5339386889797756,01-02-0005,record
5,0.2623363544813696,0.4348914858096828,0.32726130653266333,0.6,0.5128952878380283,0.5567827327279259,0.5339386889797756,01-02-0005,record
6,0.1691842900302115,0.28046744574290483,0.21105527638190955,0.7,0.5128952878380283,0.5567827327279259,0.5339386889797756,01-02-0005,record
7,0.08308157099697885,0.13772954924874792,0.10364321608040201,0.8,0.5128952878380283,0.5567827327279259,0.5339386889797756,01-02-0005,record
8,0.017119838872104734,0.028380634390651086,0.021356783919597992,0.9,0.5128952878380283,0.5567827327279259,0.5339386889797756,01-02-0005,record
0,0.37468030690537085,0.7001194743130227,0.4881299458558933,0.1,0.40370275354882845,0.4668819320480045,0.4329998555413645,01-02-0006,record
1,0.3695652173913043,0.6905615292712067,0.4814660558100791,0.2,0.40370275354882845,0.4668819320480045,0.4329998555413645,01-02-0006,record
2,0.3523017902813299,0.6583034647550776,0.458975426905456,0.3,0.40370275354882845,0.4668819320480045,0.4329998555413645,01-02-0006,record
3,0.31521739130434784,0.5890083632019116,0.4106622240733028,0.4,0.40370275354882845,0.4668819320480045,0.4329998555413645,01-02-0006,record
4,0.260230179028133,0.4862604540023895,0.3390254060807997,0.5,0.40370275354882845,0.4668819320480045,0.4329998555413645,01-02-0006,record
5,0.2071611253196931,0.3870967741935484,0.2698875468554769,0.6,0.40370275354882845,0.4668819320480045,0.4329998555413645,01-02-0006,record
6,0.1278772378516624,0.23894862604540024,0.16659725114535612,0.7,0.40370275354882845,0.4668819320480045,0.4329998555413645,01-02-0006,record
7,0.06521739130434782,0.12186379928315412,0.0849645980841316,0.8,0.40370275354882845,0.4668819320480045,0.4329998555413645,01-02-0006,record
8,0.01918158567774936,0.035842293906810034,0.024989587671803416,0.9,0.40370275354882845,0.4668819320480045,0.4329998555413645,01-02-0006,record
0,0.34226119933633564,0.9019362898188632,0.4962199312714777,0.1,0.43334198873090524,0.6820927692206183,0.5299806824306956,01-02-0007,record
1,0.3382318084854231,0.891317926296065,0.4903780068728522,0.2,0.43334198873090524,0.6820927692206183,0.5299806824306956,01-02-0007,record
2,0.3247214979853046,0.8557151780137414,0.4707903780068729,0.3,0.43334198873090524,0.6820927692206183,0.5299806824306956,01-02-0007,record
3,0.2972268310026073,0.783260462211118,0.4309278350515464,0.4,0.43334198873090524,0.6820927692206183,0.5299806824306956,01-02-0007,record
4,0.25788101445840245,0.6795752654590881,0.37388316151202744,0.5,0.43334198873090524,0.6820927692206183,0.5299806824306956,01-02-0007,record
5,0.20858023228253142,0.5496564647095565,0.3024054982817869,0.6,0.43334198873090524,0.6820927692206183,0.5299806824306956,01-02-0007,record
6,0.1514576913960654,0.39912554653341664,0.21958762886597938,0.7,0.43334198873090524,0.6820927692206183,0.5299806824306956,01-02-0007,record
7,0.07845461009717943,0.20674578388507184,0.11374570446735395,0.8,0.43334198873090524,0.6820927692206183,0.5299806824306956,01-02-0007,record
8,0.02109504621948329,0.055590256089943786,0.03058419243986254,0.9,0.43334198873090524,0.6820927692206183,0.5299806824306956,01-02-0007,record
0,0.5045273451647954,0.8376428141912207,0.629746835443038,0.1,0.6098484405629017,0.5521451720177619,0.5795640672611568,01-02-0009,record
1,0.4972835929011228,0.825616355983163,0.6207052441229656,0.2,0.6098484405629017,0.5521451720177619,0.5795640672611568,01-02-0009,record
2,0.46939514668598337,0.7793144918821407,0.5858951175406872,0.3,0.6098484405629017,0.5521451720177619,0.5795640672611568,01-02-0009,record
3,0.4154291923216226,0.6897173782321107,0.5185352622061483,0.4,0.6098484405629017,0.5521451720177619,0.5795640672611568,01-02-0009,record
4,0.3455269829771822,0.5736620565243535,0.4312839059674503,0.5,0.6098484405629017,0.5521451720177619,0.5795640672611568,01-02-0009,record
5,0.26294820717131473,0.43656043295249547,0.32820976491862563,0.6,0.6098484405629017,0.5521451720177619,0.5795640672611568,01-02-0009,record
6,0.16696848967765301,0.2772098616957306,0.20840867992766726,0.7,0.6098484405629017,0.5521451720177619,0.5795640672611568,01-02-0009,record
7,0.07931908728721478,0.13168971737823212,0.09900542495479205,0.8,0.6098484405629017,0.5521451720177619,0.5795640672611568,01-02-0009,record
8,0.018109380659181457,0.03006614552014432,0.022603978300180835,0.9,0.6098484405629017,0.5521451720177619,0.5795640672611568,01-02-0009,record
0,0.47525044195639365,0.8323013415892673,0.6050262565641411,0.1,0.5500519680536413,0.6114501749883537,0.5791282850985271,01-02-0010,record
1,0.4696523276370065,0.8224974200206399,0.5978994748687172,0.2,0.5500519680536413,0.6114501749883537,0.5791282850985271,01-02-0010,record
2,0.45020624631703005,0.7884416924664602,0.5731432858214554,0.3,0.5500519680536413,0.6114501749883537,0.5791282850985271,01-02-0010,record
3,0.41543901001767825,0.7275541795665634,0.5288822205551387,0.4,0.5500519680536413,0.6114501749883537,0.5791282850985271,01-02-0010,record
4,0.3550383028874484,0.6217750257997936,0.4519879969992498,0.5,0.5500519680536413,0.6114501749883537,0.5791282850985271,01-02-0010,record
5,0.2796110783736005,0.48968008255933954,0.35596399099774945,0.6,0.5500519680536413,0.6114501749883537,0.5791282850985271,01-02-0010,record
6,0.19563936358279316,0.34262125902992774,0.24906226556639158,0.7,0.5500519680536413,0.6114501749883537,0.5791282850985271,01-02-0010,record
7,0.09899823217442545,0.17337461300309598,0.12603150787696926,0.8,0.5500519680536413,0.6114501749883537,0.5791282850985271,01-02-0010,record
8,0.02592810842663524,0.04540763673890609,0.033008252063015754,0.9,0.5500519680536413,0.6114501749883537,0.5791282850985271,01-02-0010,record
0,0.48032564450474896,0.9206762028608583,0.6312973695942934,0.1,0.587458578174282,0.6539068323357768,0.6189042722313091,01-02-0011,record
1,0.4765943012211669,0.9135240572171651,0.6263932233615693,0.2,0.587458578174282,0.6539068323357768,0.6189042722313091,01-02-0011,record
2,0.4569199457259159,0.8758127438231469,0.6005349977708426,0.3,0.587458578174282,0.6539068323357768,0.6189042722313091,01-02-0011,record
3,0.4151967435549525,0.7958387516254877,0.545697726259474,0.4,0.587458578174282,0.6539068323357768,0.6189042722313091,01-02-0011,record
4,0.3582089552238806,0.6866059817945384,0.47079803834150685,0.5,0.587458578174282,0.6539068323357768,0.6189042722313091,01-02-0011,record
5,0.2774762550881954,0.5318595578673602,0.36469014712438697,0.6,0.587458578174282,0.6539068323357768,0.6189042722313091,01-02-0011,record
6,0.18860244233378562,0.36150845253576075,0.24788230049041465,0.7,0.587458578174282,0.6539068323357768,0.6189042722313091,01-02-0011,record
7,0.09701492537313433,0.1859557867360208,0.1275078020508248,0.8,0.587458578174282,0.6539068323357768,0.6189042722313091,01-02-0011,record
8,0.026797829036635006,0.05136540962288687,0.03522068658047258,0.9,0.587458578174282,0.6539068323357768,0.6189042722313091,01-02-0011,record
0,0.19692814042786616,0.9005016722408027,0.3231807951987997,0.1,0.276144411983453,0.7541345737718411,0.40425952836056267,01-02-0012,record
1,0.19473395501919913,0.8904682274247492,0.31957989497374345,0.2,0.276144411983453,0.7541345737718411,0.40425952836056267,01-02-0012,record
2,0.18778570122508687,0.8586956521739131,0.3081770442610653,0.3,0.276144411983453,0.7541345737718411,0.40425952836056267,01-02-0012,record
3,0.1738891936368623,0.7951505016722408,0.2853713428357089,0.4,0.276144411983453,0.7541345737718411,0.40425952836056267,01-02-0012,record
4,0.15395867617480344,0.7040133779264214,0.2526631657914479,0.5,0.276144411983453,0.7541345737718411,0.40425952836056267,01-02-0012,record
5,0.12872554397513256,0.5886287625418061,0.2112528132033008,0.6,0.276144411983453,0.7541345737718411,0.40425952836056267,01-02-0012,record
6,0.08959590418723716,0.4096989966555184,0.14703675918979744,0.7,0.276144411983453,0.7541345737718411,0.40425952836056267,01-02-0012,record
7,0.05064911318339733,0.23160535117056857,0.08312078019504876,0.8,0.276144411983453,0.7541345737718411,0.40425952836056267,01-02-0012,record
8,0.012068019747668678,0.05518394648829431,0.01980495123780945,0.9,0.276144411983453,0.7541345737718411,0.40425952836056267,01-02-0012,record
0,0.22195666029318037,0.973445143256464,0.3614895549500454,0.1,0.34919762010394756,0.7212670361201461,0.470570851654269,01-02-0013,record
1,0.22036328871892927,0.9664570230607966,0.3588945114830674,0.2,0.34919762010394756,0.7212670361201461,0.470570851654269,01-02-0013,record
2,0.21048438495857233,0.923130677847659,0.34280524198780327,0.3,0.34919762010394756,0.7212670361201461,0.470570851654269,01-02-0013,record
3,0.19120458891013384,0.8385744234800838,0.3114052160373686,0.4,0.34919762010394756,0.7212670361201461,0.470570851654269,01-02-0013,record
4,0.16539196940726578,0.7253668763102725,0.2693655118723239,0.5,0.34919762010394756,0.7212670361201461,0.470570851654269,01-02-0013,record
5,0.12635436583811344,0.5541579315164221,0.2057869469313611,0.6,0.34919762010394756,0.7212670361201461,0.470570851654269,01-02-0013,record
6,0.084289356277884,0.3696715583508036,0.13727779940314,0.7,0.34919762010394756,0.7212670361201461,0.470570851654269,01-02-0013,record
7,0.04238368387507967,0.18588399720475193,0.06902815622161672,0.8,0.34919762010394756,0.7212670361201461,0.470570851654269,01-02-0013,record
8,0.011631612492033143,0.05101327742837177,0.018943817308939927,0.9,0.34919762010394756,0.7212670361201461,0.470570851654269,01-02-0013,record
0,0.24172823642788308,0.9324659231722429,0.3839285714285714,0.1,0.33344696009884706,0.7744481974642196,0.4661765970103097,01-02-0014,record
1,0.2412463861227112,0.9306071871127634,0.38316326530612244,0.2,0.33344696009884706,0.7744481974642196,0.4661765970103097,01-02-0014,record
2,0.23369739800835207,0.9014869888475836,0.3711734693877551,0.3,0.33344696009884706,0.7744481974642196,0.4661765970103097,01-02-0014,record
3,0.21683263732733699,0.8364312267657993,0.34438775510204084,0.4,0.33344696009884706,0.7744481974642196,0.4661765970103097,01-02-0014,record
4,0.19000963700610343,0.7329615861214375,0.3017857142857143,0.5,0.33344696009884706,0.7744481974642196,0.4661765970103097,01-02-0014,record
5,0.15387086411821393,0.5935563816604709,0.24438775510204083,0.6,0.33344696009884706,0.7744481974642196,0.4661765970103097,01-02-0014,record
6,0.11468037263090267,0.4423791821561338,0.18214285714285713,0.7,0.33344696009884706,0.7744481974642196,0.4661765970103097,01-02-0014,record
7,0.061034371988435594,0.23543990086741015,0.09693877551020406,0.8,0.33344696009884706,0.7744481974642196,0.4661765970103097,01-02-0014,record
8,0.017989078059749437,0.06939281288723669,0.02857142857142857,0.9,0.33344696009884706,0.7744481974642196,0.4661765970103097,01-02-0014,record
0,0.3774333093006489,0.8790931989924433,0.5281210592686003,0.1,0.4714327088900883,0.5343840467971229,0.5009384012440519,01-02-0017,record
1,0.3723864455659697,0.8673383711167086,0.5210592686002522,0.2,0.4714327088900883,0.5343840467971229,0.5009384012440519,01-02-0017,record
2,0.34210526315789475,0.7968094038623006,0.478688524590164,0.3,0.4714327088900883,0.5343840467971229,0.5009384012440519,01-02-0017,record
3,0.28875270367700073,0.672544080604534,0.4040353089533417,0.4,0.4714327088900883,0.5343840467971229,0.5009384012440519,01-02-0017,record
4,0.23071377072819033,0.5373635600335852,0.3228247162673392,0.5,0.4714327088900883,0.5343840467971229,0.5009384012440519,01-02-0017,record
5,0.1658255227108868,0.38623005877413935,0.23203026481715008,0.6,0.4714327088900883,0.5343840467971229,0.5009384012440519,01-02-0017,record
6,0.10670511896178803,0.24853064651553317,0.1493064312736444,0.7,0.4714327088900883,0.5343840467971229,0.5009384012440519,01-02-0017,record
7,0.050108147080028836,0.11670864819479429,0.07011349306431273,0.8,0.4714327088900883,0.5343840467971229,0.5009384012440519,01-02-0017,record
8,0.014059120403749098,0.0327455919395466,0.019672131147540982,0.9,0.4714327088900883,0.5343840467971229,0.5009384012440519,01-02-0017,record
0,0.2920302501454334,0.8964285714285715,0.4405440982887231,0.1,0.33997530971420065,0.7783282481235221,0.47323892580068777,01-02-0018,record
1,0.29009113825867755,0.8904761904761904,0.4376188386719322,0.2,0.33997530971420065,0.7783282481235221,0.47323892580068777,01-02-0018,record
2,0.2858250921078146,0.8773809523809524,0.43118326751499186,0.3,0.33997530971420065,0.7783282481235221,0.47323892580068777,01-02-0018,record
3,0.27205739771184795,0.8351190476190476,0.4104139242357759,0.4,0.33997530971420065,0.7783282481235221,0.47323892580068777,01-02-0018,record
4,0.2414194299011053,0.7410714285714286,0.3641948222904783,0.5,0.33997530971420065,0.7783282481235221,0.47323892580068777,01-02-0018,record
5,0.19701376769439596,0.6047619047619047,0.2972063770659646,0.6,0.33997530971420065,0.7783282481235221,0.47323892580068777,01-02-0018,record
6,0.13185960829939888,0.40476190476190477,0.19891765394178731,0.7,0.33997530971420065,0.7783282481235221,0.47323892580068777,01-02-0018,record
7,0.06883847197983324,0.2113095238095238,0.10384671639608015,0.8,0.33997530971420065,0.7783282481235221,0.47323892580068777,01-02-0018,record
8,0.02036067481093659,0.0625,0.030715225976305396,0.9,0.33997530971420065,0.7783282481235221,0.47323892580068777,01-02-0018,record
0,0.541566265060241,0.8497164461247637,0.6615158204562178,0.1,0.5839775411944137,0.5524354105224445,0.5677687362120161,01-02-0019,record
1,0.536144578313253,0.8412098298676749,0.6548933038999264,0.2,0.5839775411944137,0.5524354105224445,0.5677687362120161,01-02-0019,record
2,0.5072289156626506,0.7958412098298677,0.6195732155997057,0.3,0.5839775411944137,0.5524354105224445,0.5677687362120161,01-02-0019,record
3,0.44096385542168676,0.6918714555765595,0.5386313465783664,0.4,0.5839775411944137,0.5524354105224445,0.5677687362120161,01-02-0019,record
4,0.3608433734939759,0.5661625708884688,0.4407652685798381,0.5,0.5839775411944137,0.5524354105224445,0.5677687362120161,01-02-0019,record
5,0.27349397590361446,0.42911153119092627,0.3340691685062546,0.6,0.5839775411944137,0.5524354105224445,0.5677687362120161,01-02-0019,record
6,0.17951807228915662,0.28166351606805295,0.21927888153053715,0.7,0.5839775411944137,0.5524354105224445,0.5677687362120161,01-02-0019,record
7,0.086144578313253,0.13516068052930058,0.10522442972774097,0.8,0.5839775411944137,0.5524354105224445,0.5677687362120161,01-02-0019,record
8,0.02289156626506024,0.035916824196597356,0.027961736571008096,0.9,0.5839775411944137,0.5524354105224445,0.5677687362120161,01-02-0019,record
0,0.8303973781237198,0.7905616224648986,0.8099900099900099,0.1,0.8545507644428195,0.5172995951417004,0.6444708220336561,01-02-0001,N2
1,0.8136009832036051,0.7745709828393136,0.7936063936063936,0.2,0.8545507644428195,0.5172995951417004,0.6444708220336561,01-02-0001,N2
2,0.7554281032363785,0.719188767550702,0.7368631368631369,0.3,0.8545507644428195,0.5172995951417004,0.6444708220336561,01-02-0001,N2
3,0.6722654649733716,0.640015600624025,0.6557442557442559,0.4,0.8545507644428195,0.5172995951417004,0.6444708220336561,01-02-0001,N2
4,0.5653420729209341,0.5382215288611545,0.5514485514485515,0.5,0.8545507644428195,0.5172995951417004,0.6444708220336561,01-02-0001,N2
5,0.4358869315854158,0.41497659906396256,0.4251748251748252,0.6,0.8545507644428195,0.5172995951417004,0.6444708220336561,01-02-0001,N2
6,0.28226136829168375,0.26872074882995317,0.2753246753246753,0.7,0.8545507644428195,0.5172995951417004,0.6444708220336561,01-02-0001,N2
7,0.1364195002048341,0.12987519500780031,0.13306693306693307,0.8,0.8545507644428195,0.5172995951417004,0.6444708220336561,01-02-0001,N2
8,0.03441212617779599,0.0327613104524181,0.03356643356643357,0.9,0.8545507644428195,0.5172995951417004,0.6444708220336561,01-02-0001,N2
0,0.701989150090416,0.8348387096774194,0.762671905697446,0.1,0.768786808703803,0.5672845753859271,0.6528407142481679,01-02-0002,N2
1,0.6900542495479204,0.8206451612903226,0.749705304518664,0.2,0.768786808703803,0.5672845753859271,0.6528407142481679,01-02-0002,N2
2,0.6484629294755877,0.7711827956989248,0.7045186640471512,0.3,0.768786808703803,0.5672845753859271,0.6528407142481679,01-02-0002,N2
3,0.5783001808318264,0.687741935483871,0.6282907662082515,0.4,0.768786808703803,0.5672845753859271,0.6528407142481679,01-02-0002,N2
4,0.4820976491862568,0.5733333333333334,0.5237721021611002,0.5,0.768786808703803,0.5672845753859271,0.6528407142481679,01-02-0002,N2
5,0.36528028933092227,0.4344086021505376,0.3968565815324165,0.6,0.768786808703803,0.5672845753859271,0.6528407142481679,01-02-0002,N2
6,0.25063291139240507,0.29806451612903223,0.2722986247544204,0.7,0.768786808703803,0.5672845753859271,0.6528407142481679,01-02-0002,N2
7,0.12658227848101267,0.15053763440860216,0.13752455795677804,0.8,0.768786808703803,0.5672845753859271,0.6528407142481679,01-02-0002,N2
8,0.0325497287522604,0.03870967741935484,0.03536345776031434,0.9,0.768786808703803,0.5672845753859271,0.6528407142481679,01-02-0002,N2
0,0.6918335901386748,0.7265372168284789,0.7087608524072613,0.1,0.7196231689010818,0.47024123608123286,0.5687984060028558,01-02-0003,N2
1,0.6856702619414484,0.7200647249190939,0.7024467245461721,0.2,0.7196231689010818,0.47024123608123286,0.5687984060028558,01-02-0003,N2
2,0.650231124807396,0.6828478964401294,0.6661404893449092,0.3,0.7196231689010818,0.47024123608123286,0.5687984060028558,01-02-0003,N2
3,0.5701078582434514,0.598705501618123,0.5840568271507498,0.4,0.7196231689010818,0.47024123608123286,0.5687984060028558,01-02-0003,N2
4,0.4591679506933744,0.48220064724919093,0.47040252565114443,0.5,0.7196231689010818,0.47024123608123286,0.5687984060028558,01-02-0003,N2
5,0.31741140215716485,0.3333333333333333,0.3251775848460931,0.6,0.7196231689010818,0.47024123608123286,0.5687984060028558,01-02-0003,N2
6,0.21571648690292758,0.22653721682847897,0.22099447513812157,0.7,0.7196231689010818,0.47024123608123286,0.5687984060028558,01-02-0003,N2
7,0.11093990755007704,0.11650485436893204,0.11365430149960536,0.8,0.7196231689010818,0.47024123608123286,0.5687984060028558,01-02-0003,N2
8,0.03543913713405239,0.0372168284789644,0.036306235201262825,0.9,0.7196231689010818,0.47024123608123286,0.5687984060028558,01-02-0003,N2
0,0.6267696267696268,0.7873888439773646,0.697957721246865,0.1,0.6420771756978654,0.5568173727305091,0.5964156339370831,01-02-0005,N2
1,0.620978120978121,0.7801131770412287,0.6915084199211752,0.2,0.6420771756978654,0.5568173727305091,0.5964156339370831,01-02-0005,N2
2,0.5997425997425997,0.7534357316087308,0.6678609817269795,0.3,0.6420771756978654,0.5568173727305091,0.5964156339370831,01-02-0005,N2
3,0.5495495495495496,0.6903799514955538,0.6119670369043354,0.4,0.6420771756978654,0.5568173727305091,0.5964156339370831,01-02-0005,N2
4,0.45366795366795365,0.5699272433306386,0.5051952705123611,0.5,0.6420771756978654,0.5568173727305091,0.5964156339370831,01-02-0005,N2
5,0.34555984555984554,0.43411479385610346,0.38480831243281977,0.6,0.6420771756978654,0.5568173727305091,0.5964156339370831,01-02-0005,N2
6,0.22651222651222652,0.28455941794664513,0.2522393407380867,0.7,0.6420771756978654,0.5568173727305091,0.5964156339370831,01-02-0005,N2
7,0.11647361647361647,0.1463217461600647,0.1297026155499821,0.8,0.6420771756978654,0.5568173727305091,0.5964156339370831,01-02-0005,N2
8,0.026383526383526385,0.033144704931285365,0.0293801504836976,0.9,0.6420771756978654,0.5568173727305091,0.5964156339370831,01-02-0005,N2
0,0.5952143569292123,0.6854190585533869,0.6371398078975452,0.1,0.6083994141444121,0.466649510555957,0.5281792899093413,01-02-0006,N2
1,0.5872382851445663,0.6762342135476463,0.6286019210245465,0.2,0.6083994141444121,0.466649510555957,0.5281792899093413,01-02-0006,N2
2,0.5603190428713859,0.6452353616532721,0.5997865528281751,0.3,0.6083994141444121,0.466649510555957,0.5281792899093413,01-02-0006,N2
3,0.5044865403788634,0.5809414466130884,0.5400213447171825,0.4,0.6083994141444121,0.466649510555957,0.5281792899093413,01-02-0006,N2
4,0.4147557328015952,0.47761194029850745,0.4439701173959445,0.5,0.6083994141444121,0.466649510555957,0.5281792899093413,01-02-0006,N2
5,0.33100697906281157,0.3811710677382319,0.3543223052294557,0.6,0.6083994141444121,0.466649510555957,0.5281792899093413,01-02-0006,N2
6,0.2073778664007976,0.23880597014925373,0.22198505869797225,0.7,0.6083994141444121,0.466649510555957,0.5281792899093413,01-02-0006,N2
7,0.10568295114656032,0.12169919632606199,0.11312700106723586,0.8,0.6083994141444121,0.466649510555957,0.5281792899093413,01-02-0006,N2
8,0.03290129611166501,0.03788748564867968,0.035218783351120594,0.9,0.6083994141444121,0.466649510555957,0.5281792899093413,01-02-0006,N2
0,0.4927679158448389,0.8922619047619048,0.6349004659042778,0.1,0.5799098938881972,0.6821714388479967,0.6268977386080875,01-02-0007,N2
1,0.48586456278763973,0.8797619047619047,0.626005929690809,0.2,0.5799098938881972,0.6821714388479967,0.6268977386080875,01-02-0007,N2
2,0.46877054569362264,0.8488095238095238,0.6039813638288861,0.3,0.5799098938881972,0.6821714388479967,0.6268977386080875,01-02-0007,N2
3,0.4289940828402367,0.7767857142857143,0.5527318932655655,0.4,0.5799098938881972,0.6821714388479967,0.6268977386080875,01-02-0007,N2
4,0.373767258382643,0.6767857142857143,0.4815756035578145,0.5,0.5799098938881972,0.6821714388479967,0.6268977386080875,01-02-0007,N2
5,0.3037475345167653,0.55,0.39135959339263027,0.6,0.5799098938881972,0.6821714388479967,0.6268977386080875,01-02-0007,N2
6,0.22287968441814596,0.4035714285714286,0.28716645489199494,0.7,0.5799098938881972,0.6821714388479967,0.6268977386080875,01-02-0007,N2
7,0.11834319526627218,0.21428571428571427,0.15247776365946633,0.8,0.5799098938881972,0.6821714388479967,0.6268977386080875,01-02-0007,N2
8,0.035831689677843524,0.06488095238095239,0.04616687844133842,0.9,0.5799098938881972,0.6821714388479967,0.6268977386080875,01-02-0007,N2
0,0.615582191780822,0.8207762557077626,0.7035225048923679,0.1,0.7021087441152501,0.5523546616366064,0.6182931060558883,01-02-0009,N2
1,0.6065924657534246,0.8087899543378996,0.6932485322896282,0.2,0.7021087441152501,0.5523546616366064,0.6182931060558883,01-02-0009,N2
2,0.5732020547945206,0.764269406392694,0.6550880626223092,0.3,0.7021087441152501,0.5523546616366064,0.6182931060558883,01-02-0009,N2
3,0.5077054794520548,0.6769406392694064,0.5802348336594911,0.4,0.7021087441152501,0.5523546616366064,0.6182931060558883,01-02-0009,N2
4,0.4220890410958904,0.5627853881278538,0.4823874755381604,0.5,0.7021087441152501,0.5523546616366064,0.6182931060558883,01-02-0009,N2
5,0.3210616438356164,0.4280821917808219,0.36692759295499017,0.6,0.7021087441152501,0.5523546616366064,0.6182931060558883,01-02-0009,N2
6,0.2093321917808219,0.2791095890410959,0.23923679060665362,0.7,0.7021087441152501,0.5523546616366064,0.6182931060558883,01-02-0009,N2
7,0.10102739726027397,0.13470319634703196,0.11545988258317026,0.8,0.7021087441152501,0.5523546616366064,0.6182931060558883,01-02-0009,N2
8,0.025684931506849314,0.03424657534246575,0.029354207436399216,0.9,0.7021087441152501,0.5523546616366064,0.6182931060558883,01-02-0009,N2
0,0.6686626746506986,0.8218842001962708,0.7373981950253137,0.1,0.7206383979331242,0.61172049494844,0.6617275267463355,01-02-0010,N2
1,0.6578842315369261,0.8086359175662414,0.7255117763592339,0.2,0.7206383979331242,0.61172049494844,0.6617275267463355,01-02-0010,N2
2,0.6287425149700598,0.7728164867517173,0.6933744221879814,0.3,0.7206383979331242,0.61172049494844,0.6617275267463355,01-02-0010,N2
3,0.5816367265469062,0.7149165848871443,0.6414263702399297,0.4,0.7206383979331242,0.61172049494844,0.6617275267463355,01-02-0010,N2
4,0.4994011976047904,0.6138370951913641,0.5507373981950253,0.5,0.7206383979331242,0.61172049494844,0.6617275267463355,01-02-0010,N2
5,0.39481037924151696,0.48527968596663396,0.43539511336121506,0.6,0.7206383979331242,0.61172049494844,0.6617275267463355,01-02-0010,N2
6,0.2838323353293413,0.3488714425907753,0.3130090248734317,0.7,0.7206383979331242,0.61172049494844,0.6617275267463355,01-02-0010,N2
7,0.14770459081836326,0.1815505397448479,0.16288795949812898,0.8,0.7206383979331242,0.61172049494844,0.6617275267463355,01-02-0010,N2
8,0.04311377245508982,0.05299313052011776,0.047545674664318735,0.9,0.7206383979331242,0.61172049494844,0.6617275267463355,01-02-0010,N2
0,0.621656050955414,0.9070631970260223,0.7377173091458804,0.1,0.7106181827762458,0.6544489490552112,0.6813779513883406,01-02-0011,N2
1,0.6148619957537155,0.8971499380421314,0.7296548248929201,0.2,0.7106181827762458,0.6544489490552112,0.6813779513883406,01-02-0011,N2
2,0.5902335456475584,0.8612143742255266,0.7004283194759384,0.3,0.7106181827762458,0.6544489490552112,0.6813779513883406,01-02-0011,N2
3,0.538004246284501,0.7850061957868649,0.6384479717813051,0.4,0.7106181827762458,0.6544489490552112,0.6813779513883406,01-02-0011,N2
4,0.4653927813163482,0.6790582403965304,0.5522801713277903,0.5,0.7106181827762458,0.6544489490552112,0.6813779513883406,01-02-0011,N2
5,0.36178343949044584,0.5278810408921933,0.42932728647014357,0.6,0.7106181827762458,0.6544489490552112,0.6813779513883406,01-02-0011,N2
6,0.24883227176220807,0.3630731102850062,0.29528848576467626,0.7,0.7106181827762458,0.6544489490552112,0.6813779513883406,01-02-0011,N2
7,0.1346072186836518,0.19640644361833953,0.15973796926177877,0.8,0.7106181827762458,0.6544489490552112,0.6813779513883406,01-02-0011,N2
8,0.03991507430997877,0.058240396530359353,0.0473670949861426,0.9,0.7106181827762458,0.6544489490552112,0.6813779513883406,01-02-0011,N2
0,0.31319290465631927,0.894695170229612,0.4639704372818723,0.1,0.39490704777496566,0.7545431331659361,0.518464229382296,01-02-0012,N2
1,0.3098669623059867,0.885193982581156,0.4590433175939232,0.2,0.39490704777496566,0.7545431331659361,0.518464229382296,01-02-0012,N2
2,0.2976718403547672,0.850356294536817,0.44097721207144325,0.3,0.39490704777496566,0.7545431331659361,0.518464229382296,01-02-0012,N2
3,0.27522172949002216,0.7862232779097387,0.40771915417778687,0.4,0.39490704777496566,0.7545431331659361,0.518464229382296,01-02-0012,N2
4,0.24390243902439024,0.6967537608867775,0.36132211044959966,0.5,0.39490704777496566,0.7545431331659361,0.518464229382296,01-02-0012,N2
5,0.2056541019955654,0.5874901029295329,0.30466023403818515,0.6,0.39490704777496566,0.7545431331659361,0.518464229382296,01-02-0012,N2
6,0.14523281596452328,0.41488519398258117,0.21515089304044344,0.7,0.39490704777496566,0.7545431331659361,0.518464229382296,01-02-0012,N2
7,0.0856430155210643,0.24465558194774348,0.12687333196468897,0.8,0.39490704777496566,0.7545431331659361,0.518464229382296,01-02-0012,N2
8,0.025776053215077605,0.07363420427553444,0.038185177581605424,0.9,0.39490704777496566,0.7545431331659361,0.518464229382296,01-02-0012,N2
0,0.3850210970464135,0.9605263157894737,0.549698795180723,0.1,0.5134800300907938,0.7211636531008259,0.599854256472354,01-02-0013,N2
1,0.3813291139240506,0.9513157894736842,0.5444277108433735,0.2,0.5134800300907938,0.7211636531008259,0.599854256472354,01-02-0013,N2
2,0.3647151898734177,0.9098684210526315,0.5207078313253012,0.3,0.5134800300907938,0.7211636531008259,0.599854256472354,01-02-0013,N2
3,0.33095991561181437,0.8256578947368421,0.47251506024096396,0.4,0.5134800300907938,0.7211636531008259,0.599854256472354,01-02-0013,N2
4,0.2882383966244726,0.719078947368421,0.41152108433734935,0.5,0.5134800300907938,0.7211636531008259,0.599854256472354,01-02-0013,N2
5,0.22389240506329114,0.5585526315789474,0.31965361445783136,0.6,0.5134800300907938,0.7211636531008259,0.599854256472354,01-02-0013,N2
6,0.1516350210970464,0.3782894736842105,0.21649096385542166,0.7,0.5134800300907938,0.7211636531008259,0.599854256472354,01-02-0013,N2
7,0.07885021097046413,0.19671052631578947,0.11257530120481925,0.8,0.5134800300907938,0.7211636531008259,0.599854256472354,01-02-0013,N2
8,0.02531645569620253,0.06315789473684211,0.03614457831325301,0.9,0.5134800300907938,0.7211636531008259,0.599854256472354,01-02-0013,N2
0,0.34123016735492284,0.9246171967020024,0.49849182409906334,0.1,0.42474214004560096,0.7746762131571928,0.5486619939409507,01-02-0014,N2
1,0.3392740708541621,0.9193168433451119,0.4956342276551834,0.2,0.42474214004560096,0.7746762131571928,0.5486619939409507,01-02-0014,N2
2,0.3292762442947185,0.892226148409894,0.48102873471979685,0.3,0.42474214004560096,0.7746762131571928,0.5486619939409507,01-02-0014,N2
3,0.3034123016735492,0.8221436984687868,0.4432449595173837,0.4,0.42474214004560096,0.7746762131571928,0.5486619939409507,01-02-0014,N2
4,0.26841990871549665,0.7273262661955241,0.3921257342435307,0.5,0.42474214004560096,0.7746762131571928,0.5486619939409507,01-02-0014,N2
5,0.21864811997391873,0.5924617196702002,0.3194157802825845,0.6,0.42474214004560096,0.7746762131571928,0.5486619939409507,01-02-0014,N2
6,0.16452945011953923,0.4458186101295642,0.24035561200190508,0.7,0.42474214004560096,0.7746762131571928,0.5486619939409507,01-02-0014,N2
7,0.09106715931319279,0.24676089517078917,0.13303698999841246,0.8,0.42474214004560096,0.7746762131571928,0.5486619939409507,01-02-0014,N2
8,0.028037383177570093,0.07597173144876325,0.04095888236227972,0.9,0.42474214004560096,0.7746762131571928,0.5486619939409507,01-02-0014,N2
0,0.569847127042699,0.8654923939151321,0.6872218690400509,0.1,0.6591946572623999,0.5343385044448318,0.5902359458463299,01-02-0017,N2
1,0.5587770163415919,0.8486789431545236,0.6738715829624919,0.2,0.6591946572623999,0.5343385044448318,0.5902359458463299,01-02-0017,N2
2,0.5160780179230364,0.7838270616493195,0.6223776223776224,0.3,0.6591946572623999,0.5343385044448318,0.5902359458463299,01-02-0017,N2
3,0.437532946758039,0.6645316253002402,0.5276541640178003,0.4,0.6591946572623999,0.5343385044448318,0.5902359458463299,01-02-0017,N2
4,0.35213494992092775,0.5348278622898318,0.424666242848061,0.5,0.6591946572623999,0.5343385044448318,0.5902359458463299,01-02-0017,N2
5,0.2519768054823405,0.38270616493194554,0.3038779402415766,0.6,0.6591946572623999,0.5343385044448318,0.5902359458463299,01-02-0017,N2
6,0.1665788086452293,0.2530024019215372,0.20089001907183726,0.7,0.6591946572623999,0.5343385044448318,0.5902359458463299,01-02-0017,N2
7,0.08170795993674222,0.12409927942353884,0.09853782581055308,0.8,0.6591946572623999,0.5343385044448318,0.5902359458463299,01-02-0017,N2
8,0.024248813916710597,0.03682946357085669,0.02924348378893834,0.9,0.6591946572623999,0.5343385044448318,0.5902359458463299,01-02-0017,N2
0,0.38394847659152836,0.8928571428571429,0.5369825047635545,0.1,0.4157165509627487,0.7780308152154575,0.5418906817438314,01-02-0018,N2
1,0.38072826356205103,0.8853686635944701,0.5324787805300537,0.2,0.4157165509627487,0.7780308152154575,0.5418906817438314,01-02-0018,N2
2,0.37354471141937085,0.868663594470046,0.5224320110860905,0.3,0.4157165509627487,0.7780308152154575,0.5418906817438314,01-02-0018,N2
3,0.3559573941045331,0.8277649769585254,0.49783474796466304,0.4,0.4157165509627487,0.7780308152154575,0.5418906817438314,01-02-0018,N2
4,0.31607629427792916,0.7350230414746544,0.4420578555343842,0.5,0.4157165509627487,0.7780308152154575,0.5418906817438314,01-02-0018,N2
5,0.2595987119147882,0.6036866359447005,0.36306946128529366,0.6,0.4157165509627487,0.7780308152154575,0.5418906817438314,01-02-0018,N2
6,0.17636859053752788,0.41013824884792627,0.2466655118655812,0.7,0.4157165509627487,0.7780308152154575,0.5418906817438314,01-02-0018,N2
7,0.0946247213277186,0.22004608294930875,0.13234020439979216,0.8,0.4157165509627487,0.7780308152154575,0.5418906817438314,01-02-0018,N2
8,0.03121129551647263,0.07258064516129033,0.04365148103239217,0.9,0.4157165509627487,0.7780308152154575,0.5418906817438314,01-02-0018,N2
0,0.605624591236102,0.8349864743011722,0.7020470053070507,0.1,0.6417865029463893,0.5523139153422302,0.5936981694791461,01-02-0019,N2
1,0.5977763243950295,0.824165915238954,0.6929492039423807,0.2,0.6417865029463893,0.5523139153422302,0.5936981694791461,01-02-0019,N2
2,0.5650752125572269,0.7790802524797115,0.6550416982562547,0.3,0.6417865029463893,0.5523139153422302,0.5936981694791461,01-02-0019,N2
3,0.4950948332243296,0.6825969341749324,0.5739196360879455,0.4,0.6417865029463893,0.5523139153422302,0.5936981694791461,01-02-0019,N2
4,0.40876389797253104,0.563570784490532,0.4738438210765732,0.5,0.6417865029463893,0.5523139153422302,0.5936981694791461,01-02-0019,N2
5,0.3106605624591236,0.42831379621280435,0.3601213040181956,0.6,0.6417865029463893,0.5523139153422302,0.5936981694791461,01-02-0019,N2
6,0.2053629823413996,0.28313796212804326,0.23805913570887036,0.7,0.6417865029463893,0.5523139153422302,0.5936981694791461,01-02-0019,N2
7,0.10202746893394375,0.1406672678088368,0.11827141774071268,0.8,0.6417865029463893,0.5523139153422302,0.5936981694791461,01-02-0019,N2
8,0.030085022890778287,0.04147880973850315,0.034874905231235785,0.9,0.6417865029463893,0.5523139153422302,0.5936981694791461,01-02-0019,N2
